Position,Id,Title,Authors,Published Date,Country,Original Language,Page Range,Word Count,Global Rank,Global Score,Genre Categories,Subject Categories,Location Categories
1,10,Beloved,Toni Morrison,1987,American,English,275-350,90000,52,3123,"Fiction, Historical fiction, Literary Fiction, Magical Realism, Psychological, Social & Cultural Fiction","African American, Community, Family, Family dynamics, Freedom, Ghosts, Guilt, Memory, Motherhood, Race relations, Slavery, Trauma, Women's Studies","Cincinnati, Ohio, United States"
2,56,Midnight's Children,Salman Rushdie,1981,Indian,English,450-550,208000,69,2802,"Allegorical, Fiction, Historical fiction, Literary Fiction, Magical Realism, Postmodern, Social & Cultural Fiction","Asian History, Destiny, Family, History, Magic, Memory, Nostalgia, Partition, Politics, Power, Revolution, conflict","Independence, India, Pakistan"
3,500,The Unbearable Lightness of Being,Milan Kundera,1984,Czech,Czech,200-400,85000,103,2271,"Existentialist, Fiction, Literary Fiction, Postmodern, Social & Cultural Fiction, philosophical","Existentialism, Fate, Freedom, Identity, Infidelity, Love, Memory","Czech Republic, Prague"
4,2251,The Name of the Rose,Umberto Eco,1980,Italian,Italian,500-600,174000,118,2100,"Fiction, Gothic, Historical fiction, Mystery, Postmodern, philosophical","Books, Heresy, Inquisition, Knowledge, Libraries, Monasticism, Murder, Philosophy","Fictional Location, Italy"
5,1368,The Handmaid's Tale,Margaret Atwood,1985,Canadian,English,300-400,94000,152,1866,"Dystopian, Fiction, Literary Fiction, Political, Social & Cultural Fiction, Speculative Fiction","Freedom, Identity, Political Ideologies, Power Dynamics, Resistance, Survival, Women's Studies, oppression","Canada, Fictional Location, New England"
6,446,Love in the Time of Cholera,Gabriel García Márquez,1985,Colombian,Spanish,348,62000,163,1732,"Fiction, Historical fiction, Literary Fiction, Magical Realism, Romance","Aging, Communication, Death, Disease, Infidelity, Love, Marriage, Memory, Obsession, Social Class","Caribbean, Colombia"
7,121,The Color Purple,Alice Walker,1982,American,English,250-350,66000,165,1704,"Coming of age, Family & Relationships, Fiction, Literary Fiction, Social & Cultural Fiction","Empowerment, Family, Family dynamics, Friendship, Identity, Racism, Resilience, Sexism, Sisterhood, abuse","Georgia, Southern US, United States"
8,473,The Book of Disquiet,Fernando Pessoa,1982,Portuguese,Portuguese,240-544,80000,189,1541,"Diaries & Journals, Experimental, Fiction, Literary Fiction, Postmodern, philosophical","Alienation, Dreams, Existence, Introspection, Melancholy, Philosophy, Solitude, imagination","Lisbon, Portugal"
9,104,The Hitchhiker's Guide to the Galaxy,Douglas Adams,1979,British,English,150-200,46972,190,1538,"Absurdist, Fiction, Humor, Postmodern, Science fiction, Speculative Fiction","Aliens, Bureaucracy, Existentialism, Friendship, Philosophy, Robots, Survival, Technology","Fictional Location, Space, United States"
10,348,A Confederacy of Dunces,John Kennedy Toole,1980,American,English,300-400,121000,195,1516,"Absurdist, Fiction, Humor, Postmodern, Satire, Social & Cultural Fiction","Ambition, Comedy, Eccentricity, Failure, Family, Friendship, Society, Work, isolation","Louisiana, New Orleans, United States"
11,3154,Life and Fate,Vasily Grossman,1980,Russian,Russian,800-900,290000,204,1457,"Fiction, Historical fiction, Literary Fiction, Political, Psychological, Social & Cultural Fiction, philosophical","European History, Family, Family dynamics, Freedom, History, Humanity, Political Ideologies, Suffering, Survival, War, morality","Hope, Russia, Stalingrad"
12,22,The Corrections,Jonathan Franzen,2001,American,English,576,196000,210,1410,"Drama, Fiction, Literary Fiction, Psychological, Social & Cultural Fiction","Aging, Disillusionment, Family, Family dynamics, Identity, Marriage, Mental illness, Midlife crisis, Technology, consumerism","Midwest, New York, New York City, Pennsylvania, United States"
13,14,Blood Meridian,Cormac McCarthy,1985,American,English,300-350,98000,221,1376,"Dark, Fiction, Historical fiction, Literary Fiction, Picaresque, Westerns, philosophical","Chaos, Existentialism, Manifest Destiny, Survival, Violence, human nature, isolation, morality","Mexico, United States"
14,499,The Remains of the Day,Kazuo Ishiguro,1989,British,English,200-250,72000,230,1328,"Allegorical, Fiction, Historical fiction, Literary Fiction, Psychological, Social & Cultural Fiction","Butler, Country life, Dignity, Duty, Family dynamics, Loyalty, Memory, Regret, Service, class, relationships","England, United States"
15,117,Harry Potter And The Philosopher's Stone,J. K. Rowling,1997,British,English,223-332,76944,238,1313,"Adventure, Coming of age, Fantasy, Fiction, High Fantasy, Middle Grade, Speculative Fiction","Courage, Good vs. Evil, Juvenile, Magic, School, Schools & Teaching, Witches, Wizards, orphans","England, Fictional Location"
16,99,White Teeth,Zadie Smith,2000,British,English,448-560,169000,241,1302,"Coming of age, Drama, Fiction, Literary Fiction, Social & Cultural Fiction","Ethics, Family, Family dynamics, Generational Conflict, Immigrants, Immigration, Multiculturalism, Race relations, Science, race","England, Great Britain, London"
17,597,2666,Roberto Bolaño,2004,Chilean,Spanish,900-1100,325000,245,1286,"Encyclopedic, Experimental, Fiction, Literary Fiction, Postmodern, Psychological, Social & Cultural Fiction","Academia, Death, History, Journalism, Madness, Murder, Obsession, Violence, War","Mexico, Santa Teresa"
18,9,Atonement,Ian McEwan,2001,British,English,350-400,123378,247,1271,"Allegorical, Coming of age, Fiction, Historical fiction, Literary Fiction, Psychological","Country life, Family, Family dynamics, Guilt, Injustice, Love, Redemption, Siblings, Teenagers, War, World War II, class, writing","England, Great Britain, London"
19,284,Austerlitz,W. G. Sebald,2001,German,German,200-300,128000,253,1250,"Experimental, Fiction, Historical fiction, Literary Fiction, Postmodern, philosophical","Architecture, Displacement, European History, History, Holocaust, Jews, Loss, Memory, Trauma, War, orphans","Belgium, Czech Republic, England, Germany, Prague"
20,634,Disgrace,J. M. Coetzee,1999,South African,English,220,79000,276,1148,"Drama, Fiction, Literary Fiction, Realistic Fiction, Social & Cultural Fiction, Tragedy","Academia, Animals, Ethics, Family, Justice, Power, Rape, Redemption, Sexual Misconduct, Shame, Violence, race","Africa, Eastern Cape, South Africa"
21,2294,"Life, a User's Manual",Georges Perec,1978,French,French,500-600,156000,278,1144,"Encyclopedic, Experimental, Fiction, Literary Fiction, Picaresque, Postmodern","Existence, History, Human Condition, Identity, Interconnectedness, Memory, Routine, Time, isolation","France, Paris"
22,544,The Stand,Stephen King,1978,American,English,823-1152,472000,280,1142,"Apocalyptic, Dystopian, Fiction, Horror, Post Apocalyptic, Science fiction, Speculative Fiction","Community, Disease, Good vs Evil, Power, Redemption, Survival, fear, human nature, isolation, morality","Boulder, Colorado, Las Vegas, United States"
23,370,The Road,Cormac McCarthy,2006,American,English,287,58000,287,1118,"Apocalyptic, Dystopian, Fiction, Literary Fiction, Post Apocalyptic, Speculative Fiction, Tragedy","Despair, Fatherhood, Humanity, Memory, Mortality, Survival, isolation","Hope, United States"
24,561,The Secret History,Donna Tartt,1992,American,English,523,223000,294,1110,"Crime, Drama, Fiction, Literary Fiction, Mystery, Psychological","Betrayal, Classics, Friendship, Guilt, Murder, Obsession, academic, isolation, morality, secrets","United States, Vermont"
25,63,Never Let Me Go,Kazuo Ishiguro,2005,British,English,288,88500,297,1109,"","",""
26,497,The House of the Spirits,Isabel Allende,1982,Chilean,Spanish,400-500,145000,300,1095,"Family & Relationships, Fiction, Historical fiction, Literary Fiction, Magical Realism, Social & Cultural Fiction","Death, Family, Family dynamics, Love, Magic, Memory, Politics, Revolution, Violence, class, gender","Chile, United States"
27,3149,The Lover,Marguerite Duras,1984,French,French,117-148,42000,304,1074,"Coming of age, Family & Relationships, Fiction, Literary Fiction, Memoir, Social & Cultural Fiction","Family, Love, Memory, Poverty, Sexuality, colonialism, race","France, Vietnam"
28,169,Bonfire of the Vanities,Tom Wolfe,1987,American,English,600-700,190000,321,1032,"Crime, Fiction, Literary Fiction, Political, Satire, Social & Cultural Fiction","Adultery, Ambition, Finance, Justice, Politics, Racism, Social Class, corruption, greed","Media, New York, New York City, United States"
29,364,The Amazing Adventures of Kavalier and Clay,Michael Chabon,2000,American,English,639,216000,323,1024,"Adventure, Fiction, Historical fiction, Literary Fiction, Magical Realism, Postmodern","Alternate History, Dreams, Escape, Heroism, Identity, Jewish, Survival, War","New York, New York City, United States"
30,1043,The Year of Magical Thinking,Joan Didion,2005,American,English,227-240,64500,325,1018,"Family & Relationships, Memoir, Nonfiction, Psychological, Tragedy","Death, Death & Grief, Family, Family dynamics, Grief, Healing, Illness, Journalists, Loss, Marriage, Memory, Mothers & Children, Trauma","New York City, United States"
31,271,If on a Winter's Night a Traveller,Italo Calvino,1979,Italian,Italian,200-300,56000,331,996,"Books About Books, Experimental, Fiction, Literary Fiction, Postmodern, metafiction","Authorship, Books, Deception, Narrative, Perception, relationships","Fictional Location, Reading"
32,136,Song of Solomon,Toni Morrison,1977,American,English,337-372,92944,335,982,"Coming of age, Drama, Fiction, Literary Fiction, Magical Realism, Social & Cultural Fiction","African American, Community, Death, Family, Family dynamics, Flight, Love, Myth, Racism, Violence, heritage","Michigan, United States"
33,2448,The Savage Detectives,Roberto Bolaño,1998,Chilean,Spanish,500-600,208000,347,951,"Experimental, Fiction, Literary Fiction, Magical Realism, Picaresque, Postmodern, Social & Cultural Fiction","Obsession, Search, Youth, rebellion","Latin American, Mexico, Mexico City"
34,46,Infinite Jest,David Foster Wallace,1996,American,English,1079,543000,352,938,"Dark, Encyclopedic, Experimental, Fiction, Literary Fiction, Postmodern, Psychological, Social & Cultural Fiction","Addiction, Entertainment, Identity, Psychology & Mental Health, Technology, competition, consumerism, depression, isolation",Fictional Location
35,43,Housekeeping,Marilynne Robinson,1980,American,English,200-300,78000,381,876,"Coming of age, Family & Relationships, Fiction, Literary Fiction, Realistic Fiction, Tragedy","Abandonment, Death & Grief, Family, Family dynamics, Friendship, Loss, Memory, Mental illness, Mothers & Children, Nature, Siblings, Sisters, Survival, isolation","Fingerbone, United States"
36,371,The Brief Wondrous Life of Oscar Wao,Junot Diaz,2007,Dominican,English,300-400,207500,383,876,"Drama, Fiction, Literary Fiction, Magical Realism, Postmodern, Social & Cultural Fiction","Culture, Curse, Dreams, Love, Violence, isolation, oppression","Dominican Republic, Latin American, New Jersey, United States"
37,103,His Dark Materials,Philip Pullman,1995,British,English,400-550,520000,384,874,"Adventure, Dystopian, Fantasy, Fiction, High Fantasy, Literary Fiction, Speculative Fiction, Young adult","Authority, Betrayal, Courage, Freedom, Identity, Science",Fictional Location
38,1282,The Shining,Stephen King,1977,American,English,447-659,163000,385,874,"Fiction, Horror, Mystery, Psychological, Speculative Fiction, Supernatural, Thriller & Suspense","Family, Madness, Murder, Psychic abilities, Violence, alcoholism, isolation",Fictional Location
39,366,Middlesex,Jeffrey Eugenides,2002,American,English,529,196000,387,873,"Coming of age, Fiction, Historical fiction, Literary Fiction, Magical Realism, Social & Cultural Fiction","Culture, Gender and Sexuality, Genetics, Immigration, Intersex, Lgbtq+, Self-discovery, Sexuality, Teenagers, gender","Detroit, Michigan, United States"
40,98,White Noise,Don DeLillo,1985,American,English,300-400,78500,388,873,"Dark, Fiction, Literary Fiction, Picaresque, Postmodern, Social & Cultural Fiction","Death, Death & Grief, Education, Environment, Technology, consumerism, fear, health","Media, United States"
41,3,American Pastoral,Philip Roth,1997,American,English,423,145000,392,861,"Family & Relationships, Fiction, Literary Fiction, Political, Social & Cultural Fiction, Tragedy","American dream, Assimilation, Disillusionment, Family, Generational Conflict, Marines, Social change, Terrorism, Trauma, rebellion","New Jersey, Newark, United States, Vietnam War"
42,143,The World According to Garp,John Irving,1978,American,English,437-609,191473,398,842,"Coming of age, Dark, Fiction, Humor, Literary Fiction, Social & Cultural Fiction","Death, Feminism, Infidelity, Parenthood, Sexuality, Violence, writing","Fictional Location, United States"
43,2469,The Alchemist,Paulo Coelho,1988,Brazilian,Portuguese,163-208,45000,401,837,"Allegorical, Fiction, Literary Fiction, Magical Realism, Religion & Spirituality, philosophical","Alchemy, Christianity, Destiny, Dreams, Journey, Personal Legend, Self-discovery, Transformation","Egypt, Spain"
44,568,The God of Small Things,Arundhati Roy,1997,Indian,English,320,134000,402,830,"Drama, Family & Relationships, Fiction, Literary Fiction, Magical Realism, Social & Cultural Fiction","Caste, Death, Family, Family dynamics, Love, Memory, Politics, Social Injustice, Trauma, Women's Studies, childhood","India, Kerala, United States"
45,391,The Human Stain,Philip Roth,2000,American,English,361,136000,408,818,"Drama, Fiction, Literary Fiction, Postmodern, Social & Cultural Fiction, Tragedy","Academia, Guilt, History, Jewish, Jews, Prejudice, Redemption, Scandal, Secrecy, isolation, race, relationships","Fictional Location, Massachusetts, United States"
46,2037,A Visit From The Goon Squad,Jennifer Egan,2010,American,English,288-352,108000,421,794,"Drama, Fiction, Literary Fiction, Postmodern, Short Story Collection, Social & Cultural Fiction","Addiction, Fame, Music, Redemption, Regret, Technology, Time","New York, New York City, San Francisco, United States"
47,642,Wolf Hall,Hilary Mantel,2009,British,English,650-700,200000,425,790,"Drama, Fiction, Historical fiction, Literary Fiction, Political, Social & Cultural Fiction","Ambition, Betrayal, Death, European History, Family, History, Interpersonal relations, Intrigue, Law, Marriage, Politics, Power, medieval history","England, Great Britain, London"
48,1141,Underworld,Don DeLillo,1997,American,English,800-900,335000,429,786,"Encyclopedic, Fiction, Literary Fiction, Postmodern, Social & Cultural Fiction","Baseball, Memory, Technology, Violence, Waste, consumerism, nuclear weapons","Cold War, Media, New York, New York City, United States"
49,3341,My Brilliant Friend,Elena Ferrante,2012,American,Italian,330-400,70000,432,780,"Coming of age, Drama, Family & Relationships, Fiction, Literary Fiction, Social & Cultural Fiction","Ambition, Betrayal, Education, Family, Family dynamics, Friendship, Jealousy, Marriage, Violence, Women's Studies, class","Italy, Naples"
50,3340,Americanah,Chimamanda Ngozi Adichie,2013,Nigerian,English,477,151960,452,763,"Contemporary, Drama, Fiction, Literary Fiction, Social & Cultural Fiction","African American, Culture, Education, Family, Friendship, Hair, Immigrants, Immigration, Love, Racism, blogging, class, race, relationships","Connecticut, Lagos, New York, Nigeria, Philadelphia, Princeton, United States"
51,1452,Cloud Atlas,David Mitchell,2004,British,English,509-544,172000,453,762,"Experimental, Fiction, Historical fiction, Literary Fiction, Magical Realism, Postmodern, Social & Cultural Fiction, Speculative Fiction","Connection, Freedom, Identity, Power, Reincarnation, Survival, oppression","Belgium, Fictional Location, Korea, Pacific Ocean, United Kingdom, United States"
52,6559,A Heart So White,Javier Marias,1992,Spanish,Spanish,280-320,95500,479,730,"Allegorical, Fiction, Literary Fiction, Modernist, Postmodern, Psychological","Communication, Death, Family, Guilt, Marriage, Trust, relationships, secrets","Cuba, Havana, Madrid, Spain"
53,368,Gilead,Marilynne Robinson,2004,American,English,247,84000,493,719,"Coming of age, Family & Relationships, Fiction, Literary Fiction, Realistic Fiction, Religion & Spirituality","Christianity, Conflict of generations, Faith, Family, Family dynamics, Fatherhood, Forgiveness, Friendship, Legacy, Memory, Mortality, race","Gilead, Iowa, United States"
54,1275,The Wind-Up Bird Chronicle,Haruki Murakami,1994,Japanese,Japanese,610-640,208000,496,716,"Experimental, Fiction, Literary Fiction, Magical Realism, Postmodern, Psychological, philosophical","Disappearance, Dreams, History, Marriage, Memory, Politics, Psychology, Violence, War, cats, isolation, relationships","Japan, Tokyo"
55,619,"The Sea, The Sea",Iris Murdoch,1978,British,English,500-550,200000,498,714,"Allegorical, Drama, Fiction, Literary Fiction, Psychological, Social & Cultural Fiction","Jealousy, Memory, Obsession, Redemption, Self-deception, Theater, isolation, relationships","England, London"
56,3183,Perfume,Patrick Suskind,1985,German,German,250-300,51000,501,709,"Fiction, Gothic, Historical fiction, Horror, Literary Fiction, Psychological, Speculative Fiction","Alchemy, Artistry, Madness, Murder, Obsession, Perfume, Psychopathy, Scent, isolation","France, Paris"
57,358,The Shipping News,Annie Proulx,1993,Canadian,English,300-350,98430,513,688,"Drama, Fiction, Literary Fiction, Sailors & The Sea, Social & Cultural Fiction","Community, Education, Family, Family dynamics, Grief, Journalism, Redemption, Resilience, Self-discovery, isolation, relationships","Canada, New York, Newfoundland, United States"
58,272,Waiting for the Barbarians,J. M. Coetzee,1980,South African,English,150-200,56000,524,674,"Allegorical, Fiction, Literary Fiction, Political, Psychological","Empathy, Humanity, Justice, Power, colonialism, conflict, fear, oppression","Africa, Fictional Location, South Africa"
59,15088,The Years,Annie Ernaux,2008,French,French,240-250,,532,667,"Memoir, Nonfiction","Aging, Culture, Family, History, Memory, Politics, Society, Time, class, consumerism, gender",France
60,351,Lonesome Dove,Larry McMurtry,1985,American,English,843,365712,535,666,"Absurdist, Fiction, Historical fiction, Westerns, epic","Courage, Family, Friendship, Legacy, Mortality, Redemption, Survival, isolation","Mexico, Texas, United States, West (U.S.)"
61,4568,The Silence of the Lambs,Thomas Harris,1988,American,English,350-450,110942,559,642,"Crime, Fiction, Horror, Mystery, Psychological, Speculative Fiction, Thriller & Suspense","Abduction, FBI, Forensics, Investigation, Murder, Psychiatry, Psychology & Mental Health, Psychopathy, cannibalism, serial killers","Quantico, United States, West Virginia"
62,332,A Prayer for Owen Meany,John Irving,1989,American,English,600-700,236061,572,629,"Coming of age, Drama, Fiction, Literary Fiction, Religion & Spirituality, Social & Cultural Fiction","Destiny, Faith, Friendship, History, Identity, Loss, Miracles, Sacrifice","Gravesend, New Hampshire, United States, Vietnam War"
63,334,The Pillars Of The Earth,Ken Follett,1989,British,English,800-1100,312000,573,628,"Drama, Fiction, Historical fiction, Literary Fiction, Social & Cultural Fiction, epic","Ambition, Architecture, Betrayal, Christianity, European History, Family, History, Justice, Love, Power, Revenge, Survival, conflict, medieval history","England, Fictional Location, Great Britain"
64,159,Satanic Verses,Salman Rushdie,1988,British,English,200-600,143000,574,628,"Allegorical, Banned books, Fiction, Literary Fiction, Magical Realism, Postmodern, philosophical","Blasphemy, Christianity, Cultural Conflict, Exile, Faith, Identity, Migration, Transformation","England, India, London, United Kingdom"
65,663,"So Long, See You Tomorrow",William Maxwell,1980,American,English,135-160,59000,590,614,"Drama, Fiction, Historical fiction, Literary Fiction, Psychological, Realistic Fiction","Betrayal, Friendship, Grief, Guilt, Loss, Memory, Murder, Teenagers, childhood","Illinois, United States"
66,3347,"The Notebook, The Proof, The Third Lie",Agota Kristof,1986,Hungarian,French,300-400,,593,612,"Allegorical, Fiction, Literary Fiction, Modernist, Postmodern, Psychological","Deception, Family, Memory, Siblings, Survival, Trauma, Truth, Twins, War, World War II, isolation",Fictional Location
67,2118,American Psycho,Bret Easton Ellis,1991,American,English,384,203774,607,599,"Crime, Dark, Dark Humor, Fiction, Postmodern, Psychological, Thriller & Suspense","Corporate Culture, Economics, Materialism, Mental Health, Murder, Psychopathy, Violence, Wealth, consumerism, relationships","New York, New York City, United States"
68,5957,I Served The King Of England,Bohumil Hrabal,1983,Czech,Czech,250-300,42000,614,591,"Absurdist, Fiction, Literary Fiction, Picaresque, Satire, Social & Cultural Fiction","Ambition, Capitalism, Communism, Love, Power, Southern Gothic, War, class","Czech Republic, Prague"
69,1273,Dispatches,Michael Herr,1977,American,English,260-320,80000,632,580,"Drama, Memoir, Nonfiction, Political, military fiction","American History, Camaraderie, Chaos, History, Journalism, Mortality, Reportage, Survival, Trauma, War, fear","United States, Vietnam, Vietnam War"
70,1145,The Things They Carried,Tim O'Brien,1990,American,English,233,62000,634,578,"Allegorical, Fiction, Literary Fiction, Short Story Collection, Social & Cultural Fiction, military fiction","Courage, Death & Grief, Friendship, Guilt, Memory, Survival, War, fear","United States, Vietnam, Vietnam War"
71,2334,Stories of Ernest Hemingway,Ernest Hemingway,1987,American,English,650,,635,577,"Drama, Fiction, Literary Fiction, Realistic Fiction, Short Story Collection, Social & Cultural Fiction","Courage, Death & Grief, Friendship, History, Identity, Love, Nature, War, isolation, masculinity","Cuba, France, Italy, Spain, United States"
72,2892,The Elementary Particles,Michel Houellebecq,1998,French,French,250-350,95000,637,576,"Fiction, Literary Fiction, Postmodern, Satire, Social & Cultural Fiction, philosophical","Alienation, Existentialism, Family, Genetics, Modernity, Philosophy, Science, Sexuality, loneliness, relationships",France
73,3346,House of Leaves,Mark Z. Danielewski,2000,American,English,709,200000,638,576,"Encyclopedic, Experimental, Fiction, Horror, Magical Realism, Postmodern, Psychological, Speculative Fiction, metafiction","Architecture, Exploration, Grief, Madness, Narrative, Obsession, Paranoia, fear, reality, relationships",Fictional Location
74,3038,Interview with the Vampire,Anne Rice,1976,American,English,300-400,242000,639,575,"Fiction, Gothic, Horror, Literary Fiction, Speculative Fiction, Supernatural","Companionship, Death, Existentialism, Immortality, Novela, Power, Suffering, Vampires, loneliness, morality","Europe, France, Italy, Louisiana, New Orleans, Paris, United States"
75,347,The Stories of John Cheever,John Cheever,1978,American,English,700-800,200000,654,562,"Fiction, Literary Fiction, Modernist, Realistic Fiction, Short Story Collection, Social & Cultural Fiction","Alienation, Family dynamics, Identity, Infidelity, Nostalgia, Social Class, loneliness","New York, Suburban New York, Suburbia, United States"
76,1303,Persepolis,Marjane Satrapi,2000,French,French,153,,656,561,"Comics & Graphic Novels, Cultural, Memoir, Nonfiction, Political","Culture, European History, Freedom, History, Identity, Middle East History, Resistance, Revolution, oppression","Iran, Tehran"
77,2039,The Goldfinch,Donna Tartt,2013,American,English,760-784,305000,659,558,"Absurdist, Coming of age, Fiction, Historical fiction, Literary Fiction, Psychological","Addiction, Death & Grief, Family, Friendship, Grief, History, Loss, Survival, Trauma","Amsterdam, Las Vegas, Netherlands, New York, New York City, United States"
78,5741,Kindred,Octavia E. Butler,1979,American,English,264,60000,666,552,"Absurdist, Fiction, Historical fiction, Social & Cultural Fiction, Speculative Fiction","African American, African American History, Family, Family dynamics, Freedom, History, Power, Racism, Slavery, Survival, Time travel, Violence","California, Los Angeles, Maryland, Southern US, United States"
79,367,The Known World,Edward P. Jones,2003,American,English,388,138885,670,548,"Drama, Fiction, Historical fiction, Literary Fiction, Psychological, Social & Cultural Fiction","African American, African American History, American History, Community, Death, Family, Freedom, History, Justice, Power, Slavery, Southern Gothic, morality, race","Manchester County, United States, Virginia"
80,560,Bridget Jones's Diary,Helen Fielding,1996,British,English,200-300,71000,678,545,"Chick Lit, Contemporary, Fiction, Humor, Romance","Career, Dating, Diaries, Diary, Family, Friendship, Humanities, Interpersonal relations, Love, Novela, Self-Improvement, Women's Studies, relationships","England, London"
81,2340,A Fine Balance,Rohinton Mistry,1995,Indian,English,600-750,192000,679,543,"Drama, Fiction, Literary Fiction, Realistic Fiction, Social & Cultural Fiction, Tragedy","Caste System, Family, Friendship, Human rights, Injustice, Political Unrest, Poverty, Survival","Fictional Location, Hope, India, Mumbai"
82,3011,Nights At The Circus,Angela Carter,1984,British,English,295,135000,680,543,"Fiction, Literary Fiction, Magical Realism, Picaresque, Postmodern, Science fiction, Speculative Fiction, Steampunk","Circus, Feminism, Freedom, Love, Magic, Myth, Performance, Transformation","London, Russia, Siberia"
83,3236,The Feast of the Goat,Mario Vargas Llosa,2000,Peruvian,Spanish,400-500,137000,695,534,"Fiction, Historical fiction, Literary Fiction, Political, Psychological, Thriller & Suspense","Assassination, Dictatorship, History, Politics, Power, Revenge, Trauma, Violence, corruption, fear, oppression, rebellion","Dominican Republic, Santo Domingo"
84,1241,Bastard Out of Carolina,Dorothy Allison,1992,American,English,320,104000,698,533,"Coming of age, Fiction, Literary Fiction, Social & Cultural Fiction, Tragedy","Child abuse, Class Struggle, Family, Family dynamics, Lgbtq+, Poverty, Resilience, Southern Culture, Southern Gothic, Survival, Trauma, Violence, sexual abuse","Greenville, South Carolina, United States"
85,628,The English Patient,Michael Ondaatje,1992,Canadian,English,300-320,82000,704,531,"Fiction, Historical fiction, Literary Fiction, Psychological, Social & Cultural Fiction, Tragedy","Betrayal, Friendship, Healing, Love, Memory, Survival, Trauma, War, World War II","Canada, Egypt, Italy"
86,1940,The Joy Luck Club,Amy Tan,1989,American,English,288-332,91084,712,526,"Family & Relationships, Fiction, Historical fiction, Literary Fiction, Realistic Fiction, Social & Cultural Fiction","Culture, Death & Grief, Family, Family dynamics, Friendship, Generational Conflict, Immigration, Memory, Motherhood, Mothers & Children, Novela, Sacrifice, Storytelling, Women, Women's Studies, tradition","California, China, San Francisco, United States"
87,4541,Blonde,Joyce Carol Oates,2000,American,English,700-800,280000,725,518,"Fiction, Historical fiction, Literary Fiction, Psychological, Social & Cultural Fiction, Tragedy","Addiction, Fame, Mental Health, Sexuality, abuse, loneliness, relationships","California, Hollywood, Los Angeles, United States"
88,589,All the Pretty Horses,Cormac McCarthy,1992,American,English,280-320,98000,728,517,"Coming of age, Fiction, Historical fiction, Literary Fiction, Westerns","Cowboys, Friendship, Horses, Justice, Love, Ranching, Violence","Mexico, Texas"
89,551,The Thorn Birds,Colleen McCullough,1977,Australian,English,500-700,197000,742,511,"Family & Relationships, Fiction, Historical fiction, Literary Fiction, Romance, Sagas","Ambition, Betrayal, Christianity, Family, Inheritance, Love, Sacrifice, conflict, relationships","Australia, Fictional Location, Greece, New South Wales, Rome"
90,3536,The Underground Railroad,Colson Whitehead,2016,American,English,300-400,87000,749,509,"Absurdist, Fiction, Historical fiction, Literary Fiction, Social & Cultural Fiction","African American, Alternate History, Courage, Escape, Freedom, Injustice, Racism, Slavery, Survival, Violence, oppression","Georgia, Hope, Indiana, North Carolina, South Carolina, Tennessee, United States"
91,4243,The Far Pavilions,Mary Margaret Kaye,1978,British,English,960-1180,960000,763,500,"Adventure, Fiction, Historical fiction, Romance, Sagas","Betrayal, Cultural Conflict, Duty, Friendship, Love, Loyalty, War, colonialism","Afghanistan, India"
92,1326,Roots,Alex Haley,1976,American,English,576-688,587287,768,497,"Biography, Fiction, Historical fiction, Social & Cultural Fiction","African American, African American History, American History, Culture, Ethics, Family, Family dynamics, Freedom, History, Perseverance, Racism, Resilience, Slavery, heritage","Africa, Annapolis, Gambia, Henning, Maryland, Southern US, Sub-Saharan Africa, Tennessee, United States"
93,349,Rabbit Is Rich,John Updike,1981,American,English,450-560,135000,769,497,"Contemporary, Drama, Family & Relationships, Fiction, Literary Fiction, Social & Cultural Fiction","Discontent, Family, Family dynamics, Infidelity, Marriage, Materialism, Middle Age, Parenting, Sexuality, Wealth","Brewer, Pennsylvania, United States"
94,161,Sophie's Choice,William Styron,1979,American,English,500-600,169481,778,493,"Fiction, Historical fiction, Literary Fiction, Psychological, Social & Cultural Fiction, Tragedy","Addiction, Friendship, Guilt, Holocaust, Love, Mental illness, Parenthood, Psychology & Mental Health, Suicide, Survival, Trauma","Brooklyn, New York, United States"
95,73,Possession,A. S. Byatt,1990,British,English,500-700,186000,798,477,"Books About Books, Fiction, Historical fiction, Literary Fiction, Literary Letters, Mystery, Postmodern","Academia, Manuscripts, Obsession, Research, Victorian, letters, relationships, secrets","England, France, London, Victorian Era, Yorkshire"
96,3457,Tales of the City,Armistead Maupin,1978,American,English,200-400,105000,811,473,"Contemporary, Cultural, Fiction, Realistic Fiction, Social & Cultural Fiction","Community, Friendship, Interpersonal relations, Lgbtq+, Self-discovery, Society, relationships, secrets","California, San Francisco, United States"
97,545,A Suitable Boy,Vikram Seth,1993,Indian,English,1349-1500,591554,815,472,"Family & Relationships, Fiction, Historical fiction, Literary Fiction, Sagas, Social & Cultural Fiction","Education, Family, Friendship, Love, Marriage, Politics, class, tradition","Brahmpur, India, Uttar Pradesh"
98,2264,Outlander,Diana Gabaldon,1991,American,English,850,305000,817,471,"Adventure, Fantasy, Fiction, Historical fiction, Romance, Speculative Fiction","Love, Medicine, Time travel, War, conflict, relationships","France, Scotland, United States"
99,2011,Gone Girl,Gillian Flynn,2012,American,English,400-500,145000,818,471,"Fiction, Literary Fiction, Mystery, Psychological, Thriller & Suspense","Deception, Diaries, Disappearance, Infidelity, Manipulation, Marriage, Psychopathy, Trust, relationships","Media, Missouri, New York, North Carthage, United States"
100,2338,Regeneration,Pat Barker,1991,British,English,250-300,90000,819,470,"Fiction, Historical fiction, Literary Fiction, Psychological, Social & Cultural Fiction, military fiction","War, World War I","Craiglockhart, Great Britain, Scotland, United Kingdom"
101,249,A Bend in the River,V. S. Naipaul,1979,Trinidadian,English,278-350,78000,831,467,"Drama, Fiction, Literary Fiction, Realistic Fiction, Social & Cultural Fiction, philosophical","Displacement, Exile, Power, Survival, change, colonialism, conflict, corruption, isolation","Africa, Central Africa, Fictional Location, India"
102,57,Money,Martin Amis,1984,British,English,300-400,134000,840,462,"Absurdist, Dark Humor, Fiction, Literary Fiction, Picaresque, Postmodern","Addiction, Capitalism, Excess, Film Industry, consumerism, greed, self-destruction","England, London, Money, New York, New York City, United States"
103,2875,The Hour of the Star,Clarice Lispector,1977,Brazilian,Portuguese,80-96,23000,853,454,"Allegorical, Experimental, Fiction, Literary Fiction, Postmodern, Psychological","Alienation, Death, Despair, Dreams, Existentialism, Poverty, Struggle, Women's Studies, loneliness","Brazil, Hope, Rio de Janeiro"
104,3228,A Tale of Love and Darkness,Amos Oz,2002,Israeli,Hebrew,500-600,150000,855,454,"Biography, Cultural, Historical fiction, Memoir, Nonfiction, Travel","Family, Family dynamics, History, Immigration, Jewish, Love, Memory, Middle East History, Politics, Trauma, childhood","Israel, Jerusalem"
105,355,Rabbit at Rest,John Updike,1990,American,English,450-500,156000,860,451,"Contemporary, Family & Relationships, Fiction, Literary Fiction, Psychological, Realistic Fiction","Addiction, Aging, Business, Death, Family, Family dynamics, Infidelity, Redemption, Regret, health","Brewster, Massachusetts, United States"
106,1423,The Kite Runner,Khaled Hosseini,2003,Afghan,English,372,101000,864,447,"Coming of age, Drama, Fiction, Historical fiction, Literary Fiction, Social & Cultural Fiction","Betrayal, Courage, Family, Family dynamics, Forgiveness, Friendship, Guilt, Identity, Redemption","Afghanistan, Kabul, Soviet Union, United States"
107,1966,High Fidelity,Nick Hornby,1995,British,English,300-350,96422,866,446,"Absurdist, Contemporary, Family & Relationships, Fiction, Humor, Literary Fiction, Pop Culture","Breakups, Friendship, Love, Music, Nostalgia, Self-discovery, relationships","England, London"
108,62,Neuromancer,William Gibson,1984,"American, Canadian",English,271-320,78973,867,445,"Cyberpunk, Fiction, Hard Science Fiction, Modernist, Postmodern, Science fiction, Speculative Fiction","Artificial Intelligence, Cybernetics, Drugs, Hacking, Technology, Virtual reality, corporate espionage, surveillance","Fictional Location, Japan"
109,638,The Line of Beauty,Alan Hollinghurst,2004,British,English,400-500,104000,869,444,"Coming of age, Fiction, Literary Fiction, Satire, Social & Cultural Fiction, Tragedy","AIDS, Drugs, Gender and Sexuality, Lgbtq+, Love, Politics, Sexuality, Wealth, class","England, Great Britain, London, United Kingdom"
110,3999,The Piano Teacher,Elfriede Jelinek,1983,Austrian,German,250-300,,875,441,"Dark, Experimental, Fiction, Literary Fiction, Psychological, Tragedy","Control, Desire, Music, Power, Psychological Abuse, Repression, Sadomasochism, Sexuality, Violence, relationships","Austria, Vienna"
111,3534,The Sellout,Paul Beatty,2015,American,English,288-304,87200,882,439,"Absurdist, Dark Humor, Fiction, Literary Fiction, Satire, Social & Cultural Fiction","African American, Education, Family, Family dynamics, Friendship, Justice, Psychology, Race relations, Racism, Segregation, Society","California, Los Angeles, United States"
112,5550,The Warmth Of Other Suns,Isabel Wilkerson,2010,American,English,622,166000,888,436,"Americana, Biography, Nonfiction, Travel","African American History, American History, Community, Discrimination, Family, Freedom, History, Migration, Opportunity, Perseverance, Racism, Segregation","Chicago, Los Angeles, Mississippi, New York City, United States"
113,1339,The New York Trilogy,Paul Auster,1985,American,English,320-370,80000,889,436,"Experimental, Fiction, Literary Fiction, Mystery, Postmodern, Psychological","Detective, Disappearance, Existentialism, Madness, Psychology & Mental Health, Urban Life, isolation, surveillance, writing","New York, United States"
114,11569,My Struggle,Karl Ove Knausgård,2009,Norwegian,Norwegian,400-600,,890,436,"Autobiography, Drama, Experimental, Fiction, Memoir","Death, Existence, Family, Family dynamics, Fatherhood, Memory, childhood, relationships, writing","Norway, Sweden"
115,3180,The Rings of Saturn,W. G. Sebald,1995,German,German,200-300,72000,900,433,"Allegorical, Experimental, Fiction, Postmodern, Travel, philosophical","Decay, Destruction, History, Memory, Mortality, Nature, Reportage, isolation","England, Suffolk, United Kingdom"
116,97,Watchmen,Alan Moore,1986,"American, British",English,416,,902,433,"Comics & Graphic Novels, Dystopian, Fiction, Literary Fiction, Political, Postmodern, Speculative Fiction, Thriller & Suspense","Alternate History, Existentialism, Friendship, Identity, Justice, Power, Vigilantism, corruption, fear, human nature, morality, nuclear war","New York City, United States"
117,510,The Plot Against America,Philip Roth,2004,American,English,391,145000,903,432,"Fiction, Historical fiction, Literary Fiction, Political, Social & Cultural Fiction","ANTI-SEMITISM, Alternate History, Family, History, Jewish, Jews, Politics, Prejudice, Propaganda, Racism, Violence, fear","Asia, Canada, Germany, Japan, New Jersey, New York, Newark, United States"
118,3422,The Sympathizer,Viet Thanh Nguyen,2015,American,English,384,110000,905,431,"Fiction, Literary Fiction, Political, Postmodern, Psychological, Thriller & Suspense","Betrayal, Espionage, Exile, Identity, Ideology, Loyalty, War, colonialism","California, Los Angeles, United States, Vietnam, Vietnam War"
119,1144,Where I'm Calling From,Raymond Carver,1988,American,English,200-300,,906,430,"Absurdist, Experimental, Fiction, Literary Fiction, Realistic Fiction, Short Story Collection","Addiction, Communication, Despair, Infidelity, Marriage, Recovery, Redemption, Short stories, alcoholism, isolation, relationships",United States
120,3979,Burger's Daughter,Nadine Gordimer,1979,South African,English,300-400,123000,919,426,"Coming of age, Drama, Fiction, Literary Fiction, Political, Social & Cultural Fiction","Activism, Apartheid, Betrayal, Family, Imprisonment, Justice, Politics, Resistance, Sacrifice","Africa, Europe, Johannesburg, South Africa, Southern Africa"
121,392,Bel Canto,Ann Patchett,2001,American,English,300-400,98204,923,424,"Drama, Fiction, Historical fiction, Literary Fiction, Realistic Fiction, Romance","Friendship, Hostage, Love, Music, Opera, Survival, Terrorism, Women's Studies, political intrigue","Fictional Location, South America"
122,3157,Smilla's Sense of Snow,Peter Høeg,1992,Danish,Danish,400-500,122000,941,417,"Fiction, Literary Fiction, Mystery, Psychological, Thriller & Suspense, Travel","Friendship, Grief, Investigation, Murder, Science, Snow, Survival, isolation","Copenhagen, Denmark, Greenland"
123,3161,A Tomb for Boris Davidovich,Danilo Kiš,1976,Serbian,Serbo-croatian,100-200,,945,415,"Fiction, Literary Fiction, Political, Postmodern, Social & Cultural Fiction, philosophical","Betrayal, Ideology, Interrogation, Political Repression, Revolution, Short stories, Terrorism, Totalitarianism, execution, surveillance","Eastern Europe, Soviet Union"
124,3542,The Last Samurai,Helen DeWitt,2000,American,English,530,482000,948,414,"Coming of age, Experimental, Fiction, Literary Fiction, Postmodern, philosophical","Education, Film, Genius, Language, Mentorship, Mothers & Children, Parenting","Chicago, England, London, United States"
125,3230,The Discovery of Heaven,Harry Mulisch,1992,Dutch,Dutch,800-900,302000,950,413,"Allegorical, Fiction, Good and evil, Literary Fiction, Postmodern, philosophical","Destiny, Fate, Friendship, History, Philosophy, Politics, Science, morality","Italy, Netherlands"
126,3528,The Vegetarian,Han Kang,2007,Korean,Korean,192,50000,953,411,"Allegorical, Experimental, Fiction, Literary Fiction, Postmodern, Psychological, Travel","Family, Marriage, Mental Health, Sexuality, Society, Violence, isolation, rebellion","Seoul, South Korea"
127,3181,The Reader,Bernhard Schlink,1995,German,German,200-300,62000,956,411,"Coming of age, Fiction, Historical fiction, Literary Fiction, Psychological","Guilt, Holocaust, Justice, Literacy, Love, Memory, Shame, War crimes, relationships, secrets","Berlin, Germany"
128,2928,It,Stephen King,1986,American,English,1138,445134,960,409,"Coming of age, Fiction, Horror, Psychological, Speculative Fiction, Supernatural, Thriller & Suspense","Bullying, Courage, Friendship, Loss, Memory, Monsters, Survival, Trauma, childhood, evil, fear","Derry, Maine, United States"
129,2065,Speedboat,Renata Adler,1976,American,English,173,55000,967,407,"Experimental, Fiction, Literary Fiction, Postmodern, Psychological, Social & Cultural Fiction","Culture, Journalism, Memory, Politics, Society, Women's Studies, isolation, relationships","New York, United States"
130,511,The Poisonwood Bible,Barbara Kingsolver,1998,American,English,500-600,196000,971,405,"Allegorical, Coming of age, Fiction, Historical fiction, Literary Fiction, Social & Cultural Fiction","Christianity, Cultural Clash, Family, Family dynamics, Guilt, Missionaries, Nature, Redemption, Survival, colonialism","Africa, Central Africa, Congo, United States"
131,356,A Thousand Acres,Jane Smiley,1991,American,English,371,192000,972,404,"Drama, Family & Relationships, Fiction, Literary Fiction, Social & Cultural Fiction, Tragedy","Agriculture, Betrayal, Family, Family dynamics, Farm life, Inheritance, Inheritance and succession, Marriage, Mental illness, Power, Siblings, abuse, relationships, secrets","Iowa, United States"
132,869,Essays of E. B. White,E. B. White,1977,American,English,364,,976,403,"Americana, Cultural, Humor, Nonfiction, Short Story Collection","Animals, City life, Culture, Essays, Journalism, Nature, Philosophy, Politics, Society, Technology, writing",United States
133,2868,Woodcutters,Thomas Bernhard,1984,Austrian,German,181,50000,981,403,"Dark, Fiction, Literary Fiction, Postmodern, Psychological, Satire","Criticism, Death, Despair, Existentialism, Memory, Society, isolation","Austria, Vienna"
134,436,Red Dragon,Thomas Harris,1981,American,English,300-400,128885,983,402,"Crime, Fiction, Horror, Mystery, Psychological, Speculative Fiction, Thriller & Suspense","Family, Forensics, Investigation, Murder, Police, Psychopathy, Trauma, fear, serial killers","Alabama, Baltimore, Florida, Georgia, St. Louis, United States, Washington D.C."
135,3980,A Dry White Season,Andre Brink,1979,South African,Afrikaans,200-300,90000,984,401,"Drama, Fiction, Literary Fiction, Political, Social & Cultural Fiction","Apartheid, Family, Friendship, Injustice, Moral Dilemma, Racism, Resistance, Truth, corruption, oppression","Africa, South Africa, Southern Africa"
136,1448,Fingersmith,Sarah Waters,2002,British,English,560,186000,990,399,"Crime, Fiction, Historical fiction, Literary Fiction, Mystery, Psychological, Victorian","Betrayal, Deception, Inheritance, Lgbtq+, Love, Madness, orphans","England, London, United Kingdom"
137,3283,Wild Swans,Jung Chang,1991,Chinese,English,500-700,200000,994,395,"Biography, Cultural, Memoir, Nonfiction, Political","Asian History, Culture, Family, History, Politics, Revolution, Survival, Women's Studies, gender, oppression, tradition",China
138,119,Harry Potter And The Prisoner Of Azkaban,J. K. Rowling,1999,British,English,317-435,107253,995,395,"Adventure, Fantasy, Fiction, Mystery, Speculative Fiction, Young adult","Betrayal, Courage, Freedom, Identity, Justice, fear","England, Fictional Location"
139,3189,"If Not Now, When?",Primo Levi,1982,Italian,Italian,350-400,,998,394,"Adventure, Drama, Fiction, Historical fiction, Literary Fiction, Travel","Friendship, History, Holocaust, Jewish, Persecution, Resistance, Survival, War","Europe, Fictional Location, Hope, Italy"
140,4202,Secondhand Time,Svetlana Alexievich,2013,Belarusian,Russian,700-800,330000,1003,392,"Cultural, Diaries & Journals, Memoir, Nonfiction, Political","European History, History, Human Experience, Identity, Memory, Nostalgia, Post-Soviet Transition, Reportage, Society, Voices, change","Belarus, Russia, Soviet Union, Ukraine"
141,145,Schindler's List,Thomas Keneally,1982,Australian,English,400-450,134000,1009,392,"Fiction, Historical fiction, Social & Cultural Fiction, Travel","American History, Bravery, European History, History, Holocaust, Humanity, Jewish, Jews, Nazis, Persecution, Rescue, Survival, War, World War II, morality","Germany, Kraków, Poland"
142,4039,Nervous Conditions,Tsitsi Dangarembga,1988,Zimbabwean,English,200-300,72000,1012,390,"Coming of age, Family & Relationships, Fiction, Literary Fiction, Social & Cultural Fiction","Country life, Cultural Conflict, Education, Family, Mental Health, Poverty, Women's Studies, colonialism, gender, oppression, tradition","Africa, Southern Africa, Zimbabwe"
143,3468,The Hunt for Red October,Tom Clancy,1984,American,English,300-500,200000,1014,389,"Adventure, Fiction, Spy, Thriller & Suspense, military fiction","Defection, Espionage, History, Intelligence, Military, Military Strategy, Naval History, Navy, Submarines, Technology, War","Atlantic Ocean, Cold War, Russia, Soviet Union, United States"
144,11773,Cosmos,Carl Sagan,1980,American,English,365,127000,1019,386,"Biography, Encyclopedic, Nonfiction, Travel, philosophical","Astronomy, Cosmology, Exploration, History, History Of Science, Humanity, Knowledge, Life, Life Sciences, Nature, Science, Technology","Space, Universe"
145,1943,Birds of America,Lorrie Moore,1998,American,English,291,,1022,385,"Contemporary, Fiction, Humor, Literary Fiction, Short Story Collection, Social & Cultural Fiction","Death, Divorce, Family, Friendship, Illness, Marriage, Parenthood, Short stories, loneliness, relationships",United States
146,1410,The Da Vinci Code,Dan Brown,2003,American,English,450-600,138882,1045,380,"Fiction, Historical fiction, Mystery, Social & Cultural Fiction, Thriller & Suspense","Christianity, Conspiracy, Cryptography, History, Murder, Novela, Science, Secret societies, Symbology","England, France, Italy, London, Paris, Rome, United Kingdom, United States, Vatican City"
147,1289,The Book Thief,Markus Zusak,2005,Australian,English,550-600,118000,1052,376,"Absurdist, Coming of age, Fiction, Historical fiction, Literary Fiction, Social & Cultural Fiction","Books, Courage, Death, Family, Family dynamics, Friendship, Humanity, Loss, NAZISM, Survival, War, World War II","Germany, Molching"
148,2869,The Book of the New Sun,Gene Wolfe,1980,American,English,870-980,588000,1055,376,"Fantasy, Fiction, Literary Fiction, Postmodern, Science fiction, Speculative Fiction, Weird Fiction, philosophical","Existentialism, Identity, Knowledge, Memory, Mythology, Power, Redemption, Time",Fictional Location
149,2625,The War of the End of the World,Mario Vargas Llosa,1981,Peruvian,Spanish,500-700,310000,1056,375,"Fiction, Historical fiction, Literary Fiction, Political, Social & Cultural Fiction, philosophical","Despair, Fanaticism, Ideology, Leadership, Power, Revolution, Society, War, conflict","Peru, South America"
150,2266,Misery,Stephen King,1987,American,English,310-420,113000,1059,374,"Fiction, Horror, Mystery, Psychological, Speculative Fiction, Thriller & Suspense","Captivity, Control, Dependency, Madness, Obsession, Survival, fear, isolation",Fictional Location
151,3279,Birdsong,Sebastian Faulks,1993,British,English,400-500,123000,1061,373,"Fiction, Historical fiction, Literary Fiction, Psychological, military fiction","Family, Friendship, Love, Memory, Sacrifice, Survival, Trauma, War, World War I","England, France"
152,6531,Gorky Park,Martin Cruz Smith,1981,American,English,365-450,131000,1063,372,"Crime, Fiction, Mystery, Spy, Thriller & Suspense","Betrayal, Espionage, Investigation, Justice, Murder, Politics, Survival, corruption","Moscow, Russia"
153,3535,Lincoln in the Bardo,George Saunders,2017,American,English,343,77000,1064,372,"Allegorical, Experimental, Fiction, Literary Fiction, Magical Realism, Postmodern","Afterlife, Death, Death & Grief, Family, Family dynamics, Grief, Historical Figures, Lgbtq+, Loss, Presidency, Slavery, Spirits, War","United States, Washington D.C."
154,279,The Book of Laughter and Forgetting,Milan Kundera,1979,Czech,Czech,200-300,59000,1067,371,"Fiction, Literary Fiction, Modernist, Postmodern, Social & Cultural Fiction, philosophical","Betrayal, Exile, Love, Memory, Politics, Sexuality, oppression","Czech Republic, Latin American, Prague"
155,3403,The Passion,Jeanette Winterson,1987,British,English,160-200,53000,1074,368,"Experimental, Fiction, Historical fiction, Literary Fiction, Magical Realism, Postmodern","Betrayal, Lgbtq+, Love, Magic, Obsession, Passion, War, gender, relationships","France, Italy, Russia, Venice"
156,4267,The Overstory,Richard Powers,2018,American,English,502,138000,1078,367,"Fiction, Literary Fiction, Magical Realism, Social & Cultural Fiction, philosophical","Activism, Conservation, Deforestation, Environmentalism, Humanity, Interconnectedness, Nature, Survival","California, Iowa, United States"
157,4056,Get Shorty,Elmore Leonard,1990,American,English,300-400,60000,1080,367,"Crime, Fiction, Humor, Mystery, Satire, Thriller & Suspense, noir","Blackmail, Comedy, Crime fiction, Film Industry, Gangsters, Loan Sharks, Movies, Violence","Hollywood, Los Angeles, United States"
158,6060,Fantasia,Assia Djebar,1985,French,French,240-264,,1082,366,"Cultural, Fiction, Historical fiction, Literary Fiction","European History, Freedom, History, Language, Memory, Resistance, Symbolism, War, Women, colonialism, oppression","Algeria, France"
159,1147,Jesus' Son,Denis Johnson,1992,American,English,160,23000,1084,366,"Experimental, Fiction, Literary Fiction, Postmodern, Short Story Collection, Social & Cultural Fiction","Addiction, Death, Drugs, Mental illness, Redemption, Short stories, Violence, loneliness","Desperation, Fictional Location, Iowa, United States"
160,3998,The Sorrow of Belgium,Hugo Claus,1983,Belgian,Dutch,778,,1090,365,"Allegorical, Coming of age, Dark, Fiction, Historical fiction, Literary Fiction, Modernist","Betrayal, Education, Family, NAZISM, Occupation, Resistance, War, childhood","Belgian, Belgium"
161,4178,The Fifth Season,N. K. Jemisin,2015,American,English,468,152000,1091,365,"Fantasy, Fiction, High Fantasy, Post Apocalyptic, Speculative Fiction","African American, Catastrophe, Discrimination, Magic, Power, Survival, oppression, rebellion, secrets",Fictional Location
162,2437,The Christmas Oratorio,Göran Tunström,1983,Swedish,Swedish,200-300,,1093,365,"Coming of age, Fiction, Historical fiction, Literary Fiction, Social & Cultural Fiction, Tragedy","Family, Grief, Love, Memory, Music",Sweden
163,2486,The Namesake,Jhumpa Lahiri,2003,American,English,291,80000,1095,364,"Coming of age, Family & Relationships, Fiction, Literary Fiction, Social & Cultural Fiction","Assimilation, Culture, Immigrants, Immigration, Names, Novela, Siblings, belonging, heritage, relationships, tradition","Cambridge, India, Kolkata, Massachusetts, United States"
164,2000,A Brief History of Time,Stephen Hawking,1988,British,English,200-256,41000,1096,364,"Encyclopedic, Nonfiction, Technical, philosophical","Big Bang Theory, Black holes, Cosmology, History, History Of Science, Nature, Physics, Relativity, Science, Singularity, Space-time, Time","Fictional Location, Quantum Mechanics, Space, Universe"
165,5951,The Unwomanly Face Of War,Svetlana Alexievich,1985,Russian,Russian,331,,1103,363,"Cultural, Memoir, Nonfiction, Political, True Story","American History, Courage, European History, History, Humanity, Memory, Reportage, Survival, Trauma, War, Women's Studies, Womens Studies","Belarus, Russia, Soviet Union, Ukraine"
166,5686,The Neverending Story,Michael Ende,1979,German,German,300-500,96000,1112,361,"Adventure, Fantasy, Fiction, Good and evil, High Fantasy, Magical Realism, Speculative Fiction","Courage, Creativity, Friendship, Juvenile, Magic, Self-discovery, Storytelling, imagination",Fictional Location
167,636,Life of Pi,Yann Martel,2001,Canadian,English,300-400,100000,1116,361,"Adventure, Allegorical, Fiction, Literary Fiction, Magical Realism","Animals, Christianity, Faith, Humanity, Storytelling, Survival, Teenagers, isolation, orphans","Canada, India, Pacific Ocean"
168,480,Blindness,José Saramago,1995,Portuguese,Portuguese,300-400,155000,1121,360,"Allegorical, Dystopian, Fiction, Modernist, Psychological, Social & Cultural Fiction, Speculative Fiction","Blindness, Humanity, Power, Society, Survival, fear, isolation, morality",Fictional Location
169,2211,The Woman Warrior,Maxine Hong Kingston,1976,American,English,200-240,70000,1122,359,"Cultural, Folklore & Fairy Tales, Magical Realism, Memoir, Nonfiction","Asian History, Childhood and youth, Culture, Empowerment, Family, Family dynamics, History, Immigration, Myth, Storytelling, Women's Studies, gender, silence, tradition","California, China, United States"
170,3167,Norwegian Wood,Haruki Murakami,1987,Japanese,Japanese,384-400,144000,1128,357,"Coming of age, Contemporary, Fiction, Literary Fiction, Realistic Fiction, Tragedy","Death, Friendship, Grief, Love, Memory, Mental Health, Sexuality, Suicide, loneliness","Japan, Tokyo"
171,1933,Snow,Orhan Pamuk,2002,Turkish,Turkish,400-500,95000,1132,356,"Fiction, Historical fiction, Literary Fiction, Psychological, Social & Cultural Fiction, philosophical","Exile, Freedom of Speech, Love, Politics, Secularism, Suicide, Terrorism, fundamentalism","Kars, Turkey"
172,2140,"Little, Big",John Crowley,1981,American,English,538,250000,1144,354,"Fiction, Literary Fiction, Magical Realism, Postmodern, Speculative Fiction","Destiny, Fairies, Family, Generations, Love, Magic, Marriage, reality, secrets",Fictional Location
173,2690,Flaubert's Parrot,Julian Barnes,1984,British,English,190-210,41000,1161,350,"Books About Books, Fiction, Literary Fiction, Postmodern, metafiction, philosophical","Death, Memory, Obsession, Parrots, Truth","France, United Kingdom"
174,1433,Fun Home,Alison Bechdel,2006,American,English,232,,1166,349,"Comics & Graphic Novels, Memoir, Nonfiction, philosophical","Death, Family, Family dynamics, Gender and Sexuality, Lgbtq+, Memory, Mental Health, Sexuality, relationships, secrets","Beech Creek, Pennsylvania, United States"
175,671,Mating,Norman Rush,1991,American,English,480-496,186000,1172,346,"Fiction, Literary Fiction, Postmodern, Psychological, Social & Cultural Fiction, philosophical","Anthropology, Culture, Love, Marriage, Politics, Self-discovery, Society, colonialism, gender, relationships","Africa, Botswana, Central Africa, Southern Africa"
176,1517,Nickel And Dimed,Barbara Ehrenreich,2001,American,English,221-240,64000,1174,346,"Cultural, Memoir, Nonfiction, Political, True Story","Economics, Employment, International Development, Labor, Poverty, Society, Survival, Wages, class, inequality","Florida, Maine, Minnesota, United States"
177,3523,Outline,Rachel Cusk,2014,British,English,240-256,60000,1175,345,"Experimental, Fiction, Literary Fiction, Realistic Fiction, Social & Cultural Fiction, philosophical","Conversation, Creativity, Divorce, Friendship, Memory, Self-discovery, Storytelling, Teachers, loneliness, relationships, writing","Athens, Greece"
178,4168,Normal People,Sally Rooney,2018,Irish,English,260-280,72000,1176,345,"Adult, Coming of age, Family & Relationships, Fiction, Literary Fiction, Realistic Fiction","Economics, Education, Love, Mental Health, Sexuality, class, relationships","Dublin, Ireland"
179,1430,Runaway,Alice Munro,2004,Canadian,English,335,,1177,345,"Family & Relationships, Fiction, Literary Fiction, Psychological, Realistic Fiction, Short Story Collection","Betrayal, Escape, Family, Grief, Infidelity, Marriage, Self-discovery, Short stories, Women's Studies, relationships, secrets",Canada
180,3436,Between the World and Me,Ta-Nehisi Coates,2015,American,English,152-176,36000,1179,344,"Autobiography, Cultural, Memoir, Nonfiction, Political","African American History, American History, Family, History, Identity, Injustice, Racism, Struggle, fear","Baltimore, Hope, Paris, United States, Washington D.C."
181,3273,The Wasp Factory,Iain Banks,1984,British,English,192-256,62000,1184,343,"Dark, Fiction, Horror, Literary Fiction, Postmodern, Psychological, Speculative Fiction, Travel","Animals, Death, Madness, Psychology, Rituals, Violence, isolation, secrets","Fictional Location, Scotland"
182,1726,The Snow Leopard,Peter Matthiessen,1978,American,English,300-350,128000,1188,342,"Diaries & Journals, Memoir, Nonfiction, Religion & Spirituality, Travel","Asian History, Conservation, History, Nature, Pilgrimage, Self-discovery, Solitude, Wildlife","Himalayas, Nepal, Tibet, United States"
183,3005,Foucault's Pendulum,Umberto Eco,1988,Italian,Italian,500-700,196000,1189,342,"Books About Books, Esoterica, Fiction, Mystery, Postmodern, philosophical","Conspiracy, Deception, Knowledge, Mysticism, Occultism, Philosophy, Power, Publishing, Secret societies","Brazil, France, Italy"
184,12302,Danube,Claudio Magris,1986,Italian,Italian,300-400,,1208,338,"Cultural, Encyclopedic, Nonfiction, Travel, philosophical","Civilization, Culture, European History, History, Memory, Migration, Philosophy, Politics","Austria, Bulgaria, Croatia, Danube River, Germany, Hungary, Romania, Serbia, Slovakia, Ukraine"
185,4007,The Year of the Death of Ricardo Reis,José Saramago,1984,Portuguese,Portuguese,300-400,,1218,336,"Fiction, Historical fiction, Literary Fiction, Magical Realism, Postmodern, philosophical","Death, Existentialism, Friendship, History, Love, Memory, Philosophy, Politics","Lisbon, Portugal"
186,3412,The Buddha of Suburbia,Hanif Kureishi,1990,British,English,280-300,90000,1220,335,"Coming of age, Contemporary, Fiction, Literary Fiction, Social & Cultural Fiction","Adolescence, Culture, Family, Family dynamics, Friendship, Gender and Sexuality, Politics, Sexuality, class, race","England, London"
187,13,The Blind Assassin,Margaret Atwood,2000,Canadian,English,521-637,155000,1233,330,"Drama, Fiction, Literary Fiction, Magical Realism, Mystery, Postmodern, Psychological","Betrayal, Crafts, Hobbies & Home, Death, Death & Grief, Family, Love, Memory, Power, Storytelling, class, relationships, secrets","Canada, Ontario, Toronto"
188,1939,On Writing,Stephen King,2000,American,English,288-320,118000,1240,329,"Books About Books, How To, Memoir, Nonfiction","Craftsmanship, Creativity, Discipline, Inspiration, Persistence, Storytelling, writing","Fictional Location, Maine, United States"
189,3978,So Long a Letter,Mariama Bâ,1980,Senegalese,French,90-100,27000,1247,326,"Family & Relationships, Fiction, Literary Fiction, Literary Letters, Realistic Fiction, Social & Cultural Fiction","Education, Family, Feminism, Friendship, Humanities, Marriage, Modernity, Mothers & Children, Polygamy, Widowhood, tradition","Africa, Dakar, Germany, Independence, Senegal, United States, West Africa"
190,592,The Blue Flower,Penelope Fitzgerald,1995,British,English,200-300,46000,1248,326,"Fiction, Historical fiction, Literary Fiction, Modernist, Social & Cultural Fiction","Death, Family, Friendship, Illness, Love, Marriage, Philosophy","Germany, Jena"
191,2584,Omeros,Derek Walcott,1990,Saint Lucian,English,300-350,,1249,326,"Allegorical, Fiction, Literary Fiction, Poetry, Social & Cultural Fiction, epic","Cultural Heritage, Exile, History, Identity, Indigenous, Memory, Mythology, Nature, colonialism","Caribbean, Saint Lucia"
192,4022,Extinction,Thomas Bernhard,1986,Austrian,German,300-350,,1251,326,"Experimental, Fiction, Literary Fiction, Modernist, Postmodern, philosophical","Criticism, Death, Despair, Engineering, Existentialism, Family, Inheritance, Memory, Nature & Environment, Philosophy, Physical Sciences, isolation","Austria, Vienna"
193,3545,Erasure,Percival Everett,2001,American,English,265,,1252,326,"Dark, Experimental, Fiction, Literary Fiction, Modernist, Postmodern, Travel","Academia, African American, Culture, Family, Stereotypes, race, writing","California, Los Angeles, United States"
194,4204,Sapiens,Yuval Noah Harari,2011,Israeli,Hebrew,400-500,172000,1253,326,"Cultural, Encyclopedic, Nonfiction, Travel, philosophical","Agricultural Revolution, Asian History, Cognitive Revolution, Economics, European History, History, History Of Science, Human Society, Human evolution, Imperialism, Industrial revolution, Science, Technology","Australia, Fictional Location, India, United States"
195,1937,Selected Stories of Alice Munro,Alice Munro,1996,Canadian,English,545,,1255,325,"Fiction, Literary Fiction, Realistic Fiction, Short Story Collection, Social & Cultural Fiction","Aging, Family, Family dynamics, Friendship, Identity, Marriage, Memory, Regret, change, gender roles, isolation, relationships","Canada, Fictional Location, Ontario"
196,3996,A Boy's Own Story,Edmund White,1982,American,English,200-300,50000,1257,324,"Adult, Coming of age, Fiction, Literary Fiction, Realistic Fiction","Adolescence, Bullying, Family, Friendship, Gender and Sexuality, Lgbtq+, Self-discovery, Sexuality, Teenagers, homosexuality, loneliness","Michigan, New York, United States"
197,4538,Pachinko,Min Jin Lee,2017,American,English,400-500,166000,1273,320,"Fiction, Historical fiction, Literary Fiction, Realistic Fiction, Sagas, Social & Cultural Fiction","Asian History, Betrayal, Discrimination, Family, Family dynamics, History, Immigration, Poverty, Resilience, Sacrifice, tradition","Hope, Japan, Korea"
198,35055,The Road Less Traveled,M. Scott Peck,1978,American,English,320,,1276,319,"Inspirational, Nonfiction, Religion & Spirituality","Christianity, Discipline, Love, Personal Growth, Psychology, Responsibility, Suffering, Truth",""
199,635,True History of the Kelly Gang,Peter Carey,2000,Australian,English,384,134000,1277,319,"Experimental, Fiction, Historical fiction, Literary Fiction, Picaresque, Postmodern","Family, Injustice, Law, Outlaws, Poverty, Survival, colonialism, rebellion","Australia, Fictional Location, Victoria"
200,3405,The Swimming-Pool Library,Alan Hollinghurst,1988,British,English,240-320,134000,1278,319,"Erotica, Fiction, Literary Fiction, Postmodern, Psychological, Social & Cultural Fiction","AIDS, Friendship, Gender and Sexuality, History, Interpersonal relations, Lgbtq+, Privilege, Sexuality, Social sciences, class, homosexuality, relationships","England, London"
201,1455,My Name is Red,Orhan Pamuk,1998,Turkish,Turkish,400-550,147000,1279,319,"Experimental, Fiction, Historical fiction, Literary Fiction, Mystery, Social & Cultural Fiction","Jealousy, Love, Murder, Power, Storytelling, tradition","Istanbul, Turkey"
202,2256,"Roll of Thunder, Hear My Cry",Mildred D. Taylor,1976,American,English,276-384,60000,1282,318,"Coming of age, Fiction, Historical fiction, Literary Fiction, Social & Cultural Fiction","Courage, Education, Family, Family dynamics, Friendship, Identity, Injustice, Land Ownership, Racism","Mississippi, Southern US, United States"
203,2871,Devil in a Blue Dress,Walter Mosley,1990,American,English,200-300,72000,1288,318,"Crime, Fiction, Hard Boiled, Mystery, noir","African American, Detective, Investigation, Justice, Racism, Survival, Violence, corruption, secrets","California, Los Angeles, United States"
204,3012,The Stories of Raymond Carver,Raymond Carver,1981,American,English,447,,1290,318,"Fiction, Literary Fiction, Psychological, Realistic Fiction, Short Story Collection, Social & Cultural Fiction","Communication, Despair, Economic Struggle, Family, Family dynamics, Identity, Marriage, Mortality, alcoholism, isolation, relationships",Fictional Location
205,5911,A Judgement In Stone,Ruth Rendell,1977,British,English,200-250,63000,1303,313,"Crime, Fiction, Mystery, Psychological, Thriller & Suspense","Family, Murder, Psychology, class, isolation, secrets",England
206,1235,Suttree,Cormac McCarthy,1979,American,English,470-480,170000,1305,313,"Dark, Fiction, Literary Fiction, Picaresque, Realistic Fiction, Social & Cultural Fiction","Death, Existentialism, Guilt, History, Mental illness, Redemption, Southern Culture, Southern Gothic, Survival, alcoholism, isolation","Knoxville, Tennessee, United States"
207,1961,Cathedral,Raymond Carver,1983,American,English,200-230,,1306,313,"Experimental, Fiction, Literary Fiction, Psychological, Short Story Collection, Social & Cultural Fiction","Blindness, Communication, Connection, Empathy, Marriage, Perception, Short stories, Transformation, alcoholism, isolation","Fictional Location, United States"
208,2243,Ceremony,Leslie Marmon Silko,1977,American,English,262,60000,1307,312,"Coming of age, Fiction, Literary Fiction, Magical Realism, Social & Cultural Fiction","Community, Culture, Healing, Indians of North America, Indigenous, Indigenous Identity, Indigenous People, Indigenous Perspectives, Native American, Racism, Storytelling, Trauma, War, tradition","Laguna Pueblo, New Mexico, United States"
209,1949,Sandman,Neil Gaiman,1989,British,English,616,,1309,311,"Comics & Graphic Novels, Fantasy, Fiction, Horror, Magical Realism, Mythological, Postmodern, Speculative Fiction, Travel","Destiny, Dreams, Freedom, Identity, Mortality, Mythology, Power, change",Fictional Location
210,2876,The Emigrants,W. G. Sebald,1992,German,German,237,,1310,311,"Experimental, Fiction, Literary Fiction, Social & Cultural Fiction","Colonies, Emigration, Emigration and immigration, European History, Exile, Family, Friendship, History, Holocaust, Loss, Memory, Trauma","Australia, Canada, England, Germany, Great Britain, United States"
211,3965,Kiss of the Spider Woman,Manuel Puig,1976,Argentinian,Spanish,280-320,60000,1313,311,"Dark, Fiction, Literary Fiction, Postmodern, Psychological, Social & Cultural Fiction","Lgbtq+, Movies, Prisoners, prison",Argentina
212,1936,Maus,Art Spiegelman,1980,American,English,296,,1315,310,"Allegorical, Comics & Graphic Novels, Cultural, Memoir, Nonfiction","History, Holocaust, Jewish, Medicine, Military, World War II","Europe, France, Germany, Poland, United States"
213,5460,Kafka On The Shore,Haruki Murakami,2002,Japanese,Japanese,450-550,139000,1316,310,"Fiction, Literary Fiction, Magical Realism, Postmodern, Psychological, Science fiction, Speculative Fiction, philosophical","Dreams, Family, Fate, Love, Memory, Music, Philosophy, Violence, War, cats, orphans","Fictional Location, Japan, Tokyo"
214,3458,Matilda,Roald Dahl,1988,British,English,240,40000,1325,309,"Children's books, Coming of age, Fiction, Humor, Magical Realism","Books, Bullying, Education, Family, Friendship, Intelligence, Juvenile, Revenge, School, Schools & Teaching, Teachers, telekinesis",Fictional Location
215,372,Olive Kitteridge,Elizabeth Strout,2008,American,English,270-320,62000,1327,309,"Contemporary, Family & Relationships, Fiction, Literary Fiction, Realistic Fiction, Tragedy","Aging, Death, Family, Family dynamics, Friendship, Grief, Infidelity, Marriage, Mental Health, Short stories, Teachers, Women's Studies, depression, loneliness, relationships","Crosby, Maine, United States"
216,4224,Drive Your Plow Over the Bones of the Dead,Olga Tokarczuk,2009,Polish,Polish,250-300,,1336,307,"Dark, Fiction, Literary Fiction, Magical Realism, Mystery, Social & Cultural Fiction, philosophical","Animals, Astrology, Environmentalism, Justice, Murder, Nature, Old age, Philosophy, isolation",Poland
217,2465,Like Water For Chocolate,Laura Esquivel,1989,Mexican,Spanish,200-300,64000,1340,307,"Culinary, Fiction, Historical fiction, Literary Fiction, Magical Realism, Romance","Duty, Emotion, Family, Love, Marriage, Passion, cooking, food, rebellion, secrets, tradition",Mexico
218,2058,Salvage the Bones,Jesmyn Ward,2011,American,English,258-288,80000,1342,306,"Family & Relationships, Fiction, Literary Fiction, Realistic Fiction, Social & Cultural Fiction","Adolescence, Community, Death & Grief, Family, Family dynamics, Hurricane Katrina, Motherhood, Poverty, Resilience, Southern Culture, Survival, race","Bois Sauvage, Mississippi, Southern US, United States"
219,15027,The Adversary,Emmanuel Carrère,2000,French,French,208,60000,1344,306,"Nonfiction, Psychological, True crime","Deception, Family, Fraud, Investigation, Mental illness, Murder, Psychology, Reportage",France
220,624,The Bone People,Keri Hulme,1984,New Zealand,English,450-600,130000,1347,305,"Drama, Fiction, Literary Fiction, Magical Realism, Psychological, Social & Cultural Fiction","Culture, Family, Friendship, Healing, Indigenous, Indigenous Identity, Indigenous People, Mythology, Shipwrecks, Survival, Trauma, abuse, isolation",New Zealand
221,3548,Veronica,Mary Gaitskill,2005,American,English,228,,1348,305,"Contemporary, Fiction, Literary Fiction, Psychological, Realistic Fiction, Social & Cultural Fiction","Death, Death & Grief, Friendship, Illness, Memory, Modeling, Self-discovery, relationships","New York, New York City, United States"
222,1142,Winter's Tale,Mark Helprin,1983,American,English,600-750,200000,1352,304,"Fantasy, Fiction, Historical fiction, Literary Fiction, Magical Realism, Postmodern, Speculative Fiction","Destiny, Identity, Love, Mortality, Redemption, Time","Hope, New York, New York City, United States"
223,643,Earthly Powers,Anthony Burgess,1980,British,English,600-700,250000,1353,304,"Allegorical, Dark, Fiction, Literary Fiction, Postmodern, philosophical","Christianity, Family, Lgbtq+","England, Italy, Malta, United Kingdom, United States"
224,664,The Collected Stories of Eudora Welty,Eudora Welty,1980,American,English,672-720,,1354,303,"Fiction, Literary Fiction, Realistic Fiction, Short Story Collection, Social & Cultural Fiction","Family, Family dynamics, Friendship, Identity, Memory, Mortality, Social Class, Southern Culture, change, human relationships, isolation, southern life, tradition","Mississippi, Southern US, United States"
225,13382,A Month In The Country,J. L. Carr,1980,British,English,112,40000,1356,303,"Fiction, Historical fiction, Literary Fiction, Pastoral, Realistic Fiction","Friendship, Grief, Healing, Love, Memory, War","Yorkshire, England"
226,956,"Gödel, Escher, Bach",Douglas Hofstadter,1979,American,English,777,193000,1361,301,"Encyclopedic, Experimental, Nonfiction, Postmodern, philosophical","Cognition, History, History Of Science, Infinity, Mathematics, Music, Philosophy, Science, Self-reference, logic",Fictional Location
227,1008,Voices from Chernobyl,Svetlana Alexievich,1997,Belarusian,Russian,236-384,,1363,300,"Cultural, Nonfiction, Political, True Story, True crime","Environmental Impact, European History, Family, Government Response, History, Human Suffering, Loss, Memory, Nuclear Disaster, Reportage, Resilience, Survival, Trauma, fear","Chernobyl, Ukraine"
228,2024,The Hunger Games,Suzanne Collins,2008,American,English,374,99750,1365,300,"Adventure, Dystopian, Fiction, Science fiction, Speculative Fiction, Thriller & Suspense, Young adult","Juvenile, Novela, Survival",Fictional Location
229,524,"Guns, Germs, and Steel",Jared Diamond,1997,American,English,480-560,250000,1366,300,"Cultural, Encyclopedic, Nonfiction, Travel, philosophical","Agriculture, Disease, Geography, History, History Of Science, Life Sciences, Science, Society, Technology, colonization, inequality","Africa, Americas, Asia, Europe, Oceania, Sub-Saharan Africa"
230,11692,Too Loud A Solitude,Bohumil Hrabal,1976,Czech,Czech,98,39000,1367,299,"","",""
231,3533,A Brief History of Seven Killings,Marlon James,2014,Jamaican,English,688,204000,1369,298,"Crime, Fiction, Historical fiction, Literary Fiction, Political, Social & Cultural Fiction, Thriller & Suspense","Assassination, Drugs, Gangs, Journalism, Music, Politics, Survival, Violence, corruption","Jamaica, Kingston"
232,4278,Evicted,Matthew Desmond,2016,American,English,300-400,150000,1370,298,"Biography, Cultural, Family & Relationships, Nonfiction, Political","American History, Economic hardship, History, Homelessness, International Development, Landlords, Poverty, Social Justice, Urban Life, eviction, housing, inequality","Milwaukee, United States, Wisconsin"
233,275,The BFG,Roald Dahl,1982,British,English,208,30555,1380,297,"Adventure, Children's books, Fantasy, Fiction, Humor, Speculative Fiction","Courage, Dreams, Friendship, Giants, Juvenile, Kidnapping, Teenagers, imagination, orphans","England, Fictional Location"
234,2247,The Mists of Avalon,Marion Zimmer Bradley,1983,American,English,876-912,419000,1382,296,"Arthurian, Fantasy, Fiction, Historical fiction, Retellings, Speculative Fiction","Betrayal, Christianity, Destiny, Family, Identity, Mythology, Power, Women's Studies","Fictional Location, Great Britain"
235,273,Lanark,Alasdair Gray,1981,Scottish,English,560,198000,1384,296,"Experimental, Fiction, Literary Fiction, Magical Realism, Postmodern, philosophical","Alienation, Dreams, Existentialism, Illness, Mental Health, Politics, Society, relationships","Fictional Location, Scotland"
236,5713,The Twits,Roald Dahl,1980,British,English,76-96,13000,1387,295,"Absurdist, Children's books, Dark Humor, Fiction, Humor","Animal welfare, Animals, Conduct of life, Cruelty, Family, Human behavior, Juvenile, Pranks, Revenge, Transformation, Treatment",Fictional Location
237,11652,Concrete,Thomas Bernhard,1982,Austrian,German,150-200,41000,1392,292,"Absurdist, Experimental, Fiction, Literary Fiction, Postmodern, Psychological","Despair, Failure, Illness, Obsession, Procrastination, isolation, writing","Austria, Vienna"
238,2851,A Game of Thrones,George R. R. Martin,1996,American,English,694-835,298000,1403,289,"Fantasy, Fiction, High Fantasy, Historical fiction, Sagas, Speculative Fiction, epic","Ambition, Betrayal, Honor, Identity, Loyalty, Power, Revenge, Survival",Fictional Location
239,11668,Mars,Fritz Zorn,1977,Swiss,German,315,,1407,288,"Memoir, Modernist, Nonfiction, philosophical","Cancer, Death, Existentialism, Family, Illness, Mortality, Psychology, Society, Suffering",Fictional Location
240,3421,All the Light We Cannot See,Anthony Doerr,2014,American,English,530-560,156000,1412,287,"Coming of age, Fiction, Historical fiction, Literary Fiction, Realistic Fiction, military fiction","Blindness, Family, Friendship, Radio, Resistance, Science, Survival, War","France, Germany, Hope, Paris, Russia, Saint-Malo"
241,4060,Faceless Killers,Henning Mankell,1991,Swedish,Swedish,280-300,85000,1415,287,"Crime, Fiction, Mystery, Realistic Fiction, Thriller & Suspense","Detective, Family, Immigration, Investigation, Justice, Murder, Police, Racism, Violence","Sweden, Ystad"
242,1302,Consider The Lobster,David Foster Wallace,2005,American,English,343,130000,1418,286,"Humor, Nonfiction, Pop Culture, Postmodern, Travel, philosophical","Culture, Ethics, Existentialism, Identity, Language & Writing, consumerism, morality","Media, United States"
243,1393,Random Family,Adrian Nicole LeBlanc,2003,American,English,432,143000,1420,286,"Cultural, Family & Relationships, Memoir, Nonfiction, True crime","Case studies, Drugs, Family, Incarceration, Parenting, Poverty, Social sciences, Survival, Teenage pregnancy, Youth, relationships","Hope, New York, New York City, United States"
244,3033,Mason & Dixon,Thomas Pynchon,1997,American,English,700-800,325000,1428,284,"Encyclopedic, Experimental, Fiction, Historical fiction, Literary Fiction, Postmodern","Alternate History, American History, Astronomy, Exploration, Friendship, History, Politics, Science, Slavery, Surveying, colonialism","Maryland, Pennsylvania, United States"
245,4542,The Song of Achilles,Madeline Miller,2011,American,English,352-416,121000,1430,284,"Fiction, Historical fiction, Literary Fiction, Mythological, Romance, Tragedy","Destiny, Friendship, Heroism, Honor, Lgbtq+, Love, Mortality, Mythology, Sacrifice, War","Fictional Location, Greece, Troy"
246,6030,The Tongue Set Free,Elias Canetti,1977,Austrian,German,278,,1432,283,"Autobiography, Cultural, Memoir, Nonfiction, Poetry","Childhood and youth, Culture, Education, Family, History, Interviews, Language, Memory, Trauma, Youth, childhood","Austria, Bulgaria, England, Manchester, Ruse, Switzerland, Vienna, Zurich"
247,2341,The Children of Men,P. D. James,1992,British,English,240-320,78903,1435,283,"Dystopian, Fiction, Literary Fiction, Post Apocalyptic, Speculative Fiction, philosophical","Despair, Faith, Freedom, Infertility, Survival, Totalitarianism, isolation, oppression, rebellion","England, Hope, United Kingdom"
248,3392,Never Mind,Edward St Aubyn,1992,British,English,160-200,30000,1436,282,"Dark Humor, Fiction, Literary Fiction, Psychological, Social & Cultural Fiction, Tragedy","Addiction, Family, Family dynamics, Mental Health, Parenting, Trauma, Wealth, abuse, childhood, class, relationships","England, France, Provence"
249,5992,Flights,Olga Tokarczuk,2007,Polish,Polish,400-450,,1437,282,"Encyclopedic, Fiction, Literary Fiction, Magical Realism, Postmodern, Travel","Culture, Exploration, Human anatomy, Interpersonal relations, Mortality, Movement, Philosophy, Science","Czech Republic, Netherlands, Poland, United Kingdom, United States"
250,10049,Pushkin House,Andrey Bitov,1978,Russian,Russian,300-400,,1438,282,"Fiction, Literary Fiction, Postmodern, Social & Cultural Fiction, philosophical","Culture, Existentialism, History, Intellectualism, Memory, Philosophy","Leningrad, Soviet Union"
251,1557,Oranges are not the only Fruit,Jeanette Winterson,1985,British,English,176-224,61000,1439,282,"Allegorical, Coming of age, Fiction, Literary Fiction, Social & Cultural Fiction","Adoption, Faith, Family, Family dynamics, Lgbtq+, Mothers & Children, Sexuality, Teenagers, conflict, homosexuality, rebellion",England
252,13609,Chaos,James Gleick,1987,American,English,200-400,,1447,279,"Biography, Nonfiction, Technical, Travel, philosophical","Deterministic Systems, Fractals, History, History Of Science, Mathematics, Nonlinear Dynamics, Order and Disorder, Predictability, Science, chaos theory, complexity",Fictional Location
253,3560,The Beauty Of The Husband,Anne Carson,2001,Canadian,English,149,,1457,277,"Experimental, Fiction, Literary Fiction, Poetry, Postmodern, Tragedy","Adultery, Beauty, Desire, Heartbreak, Infidelity, Love, Marriage, Memory",Fictional Location
254,513,What We Talk About When We Talk About Love,Raymond Carver,1981,American,English,159-176,23000,1458,277,"Fiction, Literary Fiction, Modernist, Realistic Fiction, Short Story Collection, Social & Cultural Fiction","Communication, Divorce, Family, Heartbreak, Human Condition, Infidelity, Love, Marriage, Short stories, Violence, alcoholism, realism, relationships",Fictional Location
255,3383,A Perfect Spy,John le Carré,1986,British,English,400-700,128000,1459,277,"Fiction, Literary Fiction, Psychological, Spy, Thriller & Suspense","Betrayal, Deception, Espionage, Loyalty, Politics, secrets","Czech Republic, England, Germany, Great Britain"
256,1969,Presumed Innocent,Scott Turow,1987,American,English,300-400,160000,1468,276,"Crime, Fiction, Mystery, Psychological, Thriller & Suspense","Betrayal, Deception, Infidelity, Justice, Law, Murder, Politics, Trial, corruption","Chicago, United States"
257,4166,Station Eleven,Emily St John Mandel,2014,Canadian,English,300-400,84000,1473,276,"Dystopian, Fiction, Literary Fiction, Post Apocalyptic, Social & Cultural Fiction, Speculative Fiction","Civilization, Community, Memory, Survival, Technology, Theater, pandemic, relationships","Canada, Great Lakes, Hope, Toronto, United States"
258,360,Independence Day,Richard Ford,1995,American,English,451,190000,1475,275,"Drama, Fiction, Literary Fiction, Psychological, Realistic Fiction, Social & Cultural Fiction","American dream, Divorce, Family, Midlife crisis, Parenting, Real Estate, Self-discovery, relationships","New Jersey, United States"
259,3225,Eye Of The Needle,Ken Follett,1978,British,English,300-400,118000,1479,275,"Fiction, Historical fiction, Mystery, Spy, Thriller & Suspense","Betrayal, Deception, Espionage, Love, Murder, Spies, Survival, War, World War II","England, London, Scotland"
260,1481,Half of a Yellow Sun,Chimamanda Ngozi Adichie,2006,Nigerian,English,433,146500,1480,275,"Cultural, Family & Relationships, Fiction, Historical fiction, Literary Fiction, Realistic Fiction","Betrayal, Education, Ethnicity, Family, Family dynamics, Love, Politics, Survival, War, colonialism","Africa, Biafra, Nigeria, West Africa"
261,11815,The Bourne Identity,Robert Ludlum,1980,American,English,544,192000,1481,275,"Crime, Fiction, Mystery, Spy, Thriller & Suspense","Amnesia, Assassins, Conspiracy, Deception, Espionage, Memory, Survival, Violence, secrets","France, Paris, United States, Zurich"
262,3433,Behind the Beautiful Forevers,Katherine Boo,2012,American,English,256,100000,1483,274,"Cultural, Memoir, Nonfiction, Political, True Story","Asian History, Community, Dreams, Family, Family dynamics, History, Injustice, International Development, Poverty, Reportage, Survival, corruption, inequality","Hope, India, Mumbai"
263,1382,How the Garcia Girls Lost Their Accents,Julia Alvarez,1991,Dominican,English,290-336,72000,1486,273,"Absurdist, Family & Relationships, Fiction, Literary Fiction, Realistic Fiction","Assimilation, Culture, Family, Family dynamics, Immigrants, Immigration, Memory, Politics, Siblings, Trauma, Women's Studies, gender, rebellion","Dominican Republic, Latin American, United States"
264,4567,The Duke and I,Julia Quinn,2000,American,English,300-400,104000,1487,273,"","",""
265,5433,Selected Stories,William Trevor,1992,Irish,English,576,,1488,273,"Fiction, Literary Fiction, Realistic Fiction, Short Story Collection, Social & Cultural Fiction","Betrayal, Family, Friendship, Identity, Love, Marriage, Memory, Regret, isolation, loneliness",Ireland
266,627,The Famished Road,Ben Okri,1991,Nigerian,English,500-600,156000,1489,273,"Fiction, Literary Fiction, Magical Realism, Modernist, Social & Cultural Fiction","Dreams, Family, Politics, Poverty, Spirits, Struggle, Survival, corruption, tradition","Africa, Nigeria, West Africa"
267,4553,The Women of Brewster Place,Gloria Naylor,1982,American,English,192,59000,1494,271,"Family & Relationships, Fiction, Literary Fiction, Realistic Fiction, Social & Cultural Fiction, Urban","Community, Family, Family dynamics, Friendship, Identity, Racism, Resilience, Struggle, Women","Fictional Location, Hope"
268,3461,Jurassic Park,Michael Crichton,1990,American,English,400-500,127000,1515,269,"Adventure, Fiction, Horror, Science fiction, Speculative Fiction, Thriller & Suspense","Corporate Greed, Ethics, Genetics, Nature vs. Man, Palaeontology, Survival, Technology, chaos theory, dinosaurs","Costa Rica, Isla Nublar, United States"
269,5750,Parable Of The Sower,Octavia E. Butler,1993,American,English,300-350,66000,1518,268,"Dystopian, Fiction, Post Apocalyptic, Social & Cultural Fiction, Speculative Fiction","Community, Empowerment, Environmental Collapse, Family, Identity, Social Inequality, Survival, change","California, Hope, Southern California, United States"
270,2020,The Devil In The White City,Erik Larson,2003,American,English,447,145000,1525,266,"Biography, Nonfiction, Travel, True crime","American History, Architecture, Case studies, Crafts, Hobbies & Home, Deception, Engineering, Exposition, History, Innovation, Murder, Psychopathy, Technology, Urban Planning","Chicago, Illinois, United States"
271,4015,Hawksmoor,Peter Ackroyd,1985,British,English,200-300,78000,1535,264,"Fiction, Gothic, Literary Fiction, Magical Realism, Mystery, Postmodern","Architecture, Duality, Guilt, Investigation, Murder, Time","England, London"
272,644,The Unconsoled,Kazuo Ishiguro,1995,British,English,500-550,264000,1540,263,"Fiction, Literary Fiction, Modernist, Postmodern, Psychological, Surreal","Alienation, Artistry, Communication, Disappointment, Expectations, Memory, Music","Europe, Fictional Location"
273,12806,A Far Cry From Kensington,Muriel Spark,1988,British,English,192,,1541,263,"Drama, Fiction, Literary Fiction, Postmodern, Satire, Social & Cultural Fiction","Blackmail, Mental Health, Publishing, Scandal, Workplace Dynamics, relationships","England, London"
274,278,Oscar and Lucinda,Peter Carey,1988,Australian,English,500-550,134000,1548,262,"Fiction, Historical fiction, Literary Fiction, Magical Realism, Romance, Travel","Gambling, Movies","Australia, England"
275,1959,A Supposedly Fun Thing I'll Never Do Again,David Foster Wallace,1997,American,English,353-368,134476,1551,262,"Experimental, Humor, Nonfiction, Postmodern, Travel","Advertising, Culture, Entertainment, Essays, Irony, Sports, Television, Tennis, cruise ships","Caribbean, Media, United States"
276,4008,Empire of the Sun,J. G. Ballard,1984,British,English,200-300,92000,1554,261,"Coming of age, Fiction, Historical fiction, Social & Cultural Fiction, Tragedy","Adversity, Espionage, Family, History, Internment, Resilience, Survival, Trauma, War, World War II, childhood, conflict","China, Hope, Shanghai"
277,2015,Life After Life,Kate Atkinson,2013,British,English,400-500,173000,1556,261,"Fiction, Historical fiction, Literary Fiction, Magical Realism, Psychological, Realistic Fiction","Alternate History, Death, Family, Fate, Memory, Rebirth, Resilience, Survival, Time travel, Trauma, War, World War II","England, Germany, Great Britain"
278,3977,The Cement Garden,Ian McEwan,1978,British,English,144-153,41000,1564,259,"Dark, Fiction, Horror, Literary Fiction, Psychological, Speculative Fiction","Adolescence, Death & Grief, Family, Family dynamics, Psychological Trauma, Survival, isolation, secrets","England, Germany"
279,9659,Past Continuous,Yaakov Shabtai,1977,Israeli,Hebrew,280-320,,1569,257,"Contemporary, Drama, Family & Relationships, Fiction, Postmodern, Social & Cultural Fiction","Alienation, Death, Existentialism, Family, Friendship, Love, Memory, Regret, Time","Israel, Tel Aviv"
280,83,Snow Crash,Neal Stephenson,1992,American,English,450-500,203000,1580,256,"Cyberpunk, Dystopian, Fiction, Postmodern, Science fiction, Speculative Fiction","Corporate power, Dystopia, Hacker Culture, Identity, Information technology, Linguistics, Virtual reality, surveillance","Los Angeles, United States"
281,5685,"Ronia, The Robber's Daughter",Astrid Lindgren,1981,Swedish,Swedish,176-224,31000,1581,256,"Adventure, Children's books, Coming of age, Fantasy, Fiction, Middle Grade, Speculative Fiction","Courage, Family, Friendship, Nature, Robbery, conflict","Fictional Location, Independence"
282,362,The Hours,Michael Cunningham,1998,American,English,230,98000,1589,255,"Drama, Experimental, Fiction, Literary Fiction, Magical Realism, Tragedy","Death, Friendship, Lgbtq+, Marriage, Mental illness, Motherhood, Suicide, Women's Studies, depression, homosexuality, relationships","New York, United States"
283,6004,Nostalgia,Mircea Cărtărescu,1989,Romanian,Romanian,300-400,,1599,254,"Experimental, Fiction, Literary Fiction, Magical Realism, Postmodern, Surreal","Dreams, Existence, Memory, Nostalgia, Time, Unknown, childhood, imagination, reality","Bucharest, Romania"
284,1944,The House on Mango Street,Sandra Cisneros,1984,American,English,110-134,25000,1601,253,"Allegorical, Coming of age, Fiction, Literary Fiction, Realistic Fiction","Adolescence, Community, Culture, Dreams, Family, Friendship, Juvenile, Poverty, Self-discovery, Short stories, gender","Chicago, Illinois, United States"
285,584,Love Medicine,Louise Erdrich,1984,American,English,275-333,97000,1604,253,"Absurdist, Fiction, Historical fiction, Literary Fiction, Magical Realism, Social & Cultural Fiction","Family, Family dynamics, Indians of North America, Indigenous, Indigenous Identity, Indigenous People, Native American, Women's Studies","North Dakota, United States"
286,3277,The Colour of Magic,Terry Pratchett,1983,British,English,206,64000,1605,252,"Fantasy, Fiction, Humor, Picaresque, Satire, Speculative Fiction","Death, Dragons, Gods, Heroism, Magic, Tourism, Wizards",Fictional Location
287,16339,Dora Bruder,Patrick Modiano,1997,French,French,150-200,,1607,252,"Biography, Nonfiction, Travel","Disappearance, European History, History, Holocaust, Identity, Investigation, Jewish Persecution, Loss, Memory, World War II","France, Paris"
288,1918,Postwar,Tony Judt,2005,British,English,800-900,300000,1613,250,"Cultural, Encyclopedic, Nonfiction, Political","American History, Cultural Transformation, Economic development, European History, European Integration, History, Memory, Political Ideologies, Reconstruction, Sociology, nationalism","Cold War, Europe, Germany, United States"
289,1907,Angela's Ashes,Frank McCourt,1996,American,English,350-400,160000,1618,249,"Cultural, Family & Relationships, Memoir, Nonfiction, Realistic Fiction","Childhood and youth, Death, Education, Family, History, Illness, Immigration, Poverty, Resilience, alcoholism, childhood","Europe, Ireland, Limerick, United States"
290,4126,Soldiers of Salamis,Javier Cercas,2001,Spanish,Spanish,384,78000,1619,249,"Fiction, Historical fiction, Literary Fiction, Political, Postmodern, military fiction","Heroism, History, Memory, Politics, Survival, War","Salamis, Spain"
291,3569,Wizard of the Crow,Ngũgĩ wa Thiong’o,2006,Kenyan,English,768,248000,1620,249,"Allegorical, Fiction, Literary Fiction, Magical Realism, Political, Satire","Identity, Power, Resistance, Sociology, colonialism, corruption","Africa, East Africa, Fictional Location"
292,3540,"Sing, Unburied, Sing",Jesmyn Ward,2017,American,English,285-320,80000,1624,249,"Coming of age, Family & Relationships, Fiction, Literary Fiction, Magical Realism, Social & Cultural Fiction","Addiction, African American, Death, Family, Family dynamics, Ghosts, Grief, Incarceration, Racism, Southern Gothic, Violence","Mississippi, United States"
293,3231,Cat's Eye,Margaret Atwood,1988,Canadian,English,400-500,127000,1629,248,"Drama, Family & Relationships, Fiction, Literary Fiction, Psychological, Realistic Fiction","Bullying, Femininity, Friendship, Memory, Self-discovery, Trauma, childhood, relationships","Canada, Toronto"
294,891,The Beauty Myth,Naomi Wolf,1990,American,English,300-400,140000,1630,248,"Counselling, Cultural, Family & Relationships, Nonfiction, Political","Beauty, Body image, Cultural Standards, Gender and Sexuality, Media Influence, Patriarchy, Women's Studies, Womens Studies, consumerism, gender roles",United States
295,1366,Suite Française,Irène Némirovsky,2004,French,French,300-400,140000,1632,248,"Fiction, Historical fiction, Literary Fiction, Social & Cultural Fiction, Tragedy","Correspondence, Family, Family dynamics, History, Humanity, Love, Occupation, Survival, War, World War II, class, conflict","France, Paris"
296,1528,The Time Traveler's Wife,Audrey Niffenegger,2003,American,English,500-600,155000,1641,246,"Fiction, Historical fiction, Literary Fiction, Magical Realism, Romance","Death & Grief, Family, Fate, Loss, Love, Marriage, Time travel, relationships","Chicago, United States"
297,4263,Zami,Audre Lorde,1982,American,English,256,72000,1643,245,"Cultural, Memoir, Nonfiction, Poetry","Activism, African American, Ethics, Family, Family dynamics, Friendship, Gender and Sexuality, Lgbtq+, Self-discovery, Sexuality, Women's Studies, Womens Studies, gender, oppression, race","Mexico, New York, New York City, United States"
298,645,Amongst Women,John McGahern,1990,Irish,English,184,60000,1648,245,"Drama, Family & Relationships, Fiction, Literary Fiction, Realistic Fiction","Authority, Control, Family, Family dynamics, Irish, Memory, Mortality, Patriarchy, conflict, isolation, tradition",Ireland
299,2076,Pulphead,John Jeremiah Sullivan,2011,American,English,384,,1651,245,"Cultural, Nonfiction, Pop Culture, Short Story Collection, Travel","American Culture, Celebrity, Family, History, Identity, Music, Nature",United States
300,2449,London Fields,Martin Amis,1989,British,English,470-540,139000,1654,244,"Dark Humor, Fiction, Literary Fiction, Postmodern, Satire, Thriller & Suspense","Death & Grief, Deception, Doom, Infidelity, Love, Murder, Prophecy, Violence, relationships","England, London, United Kingdom"
301,10299,Train Dreams,Denis Johnson,2002,American,English,116,26000,1660,243,"Drama, Fiction, Historical fiction, Literary Fiction, Pastoral, Westerns","Grief, Hardship, Loss, Memory, Nature, Survival, Transformation, isolation","Idaho, United States"
302,1942,The Lovely Bones,Alice Sebold,2002,American,English,328,145000,1663,243,"Fiction, Literary Fiction, Magical Realism, Psychological, Tragedy","Afterlife, Family, Family dynamics, Grief, Healing, Justice, Loss, Memory, Murder, Teenagers, Trauma","Norristown, Pennsylvania, United States"
303,2692,The Last Good Kiss,James Crumley,1978,American,English,200-300,75000,1666,242,"Crime, Fiction, Hard Boiled, Mystery, noir","Deception, Detective, Family, Friendship, Missing persons, Private investigators, Violence, alcoholism","California, Los Angeles, United States"
304,14561,The Hunger Angel,Herta Müller,2009,German,German,290-300,,1670,241,"Fiction, Historical fiction, Literary Fiction, Modernist, Psychological, Social & Cultural Fiction","Human rights, Hunger, Labor camps, Memory, Survival, Trauma, isolation, oppression","Russia, Soviet Union"
305,359,The Stone Diaries,Carol Shields,1993,Canadian,English,300-400,134000,1672,241,"Coming of age, Family & Relationships, Fiction, Literary Fiction, Realistic Fiction, Social & Cultural Fiction","Aging, Death, Domestic Life, Family, Marriage, Memory, Self-discovery, Women's Studies, gender, isolation","Canada, Florida, Illinois, Indiana, United States, Ontario"
306,4229,Stories of Your Life and Others,Ted Chiang,2002,American,English,281,91000,1675,240,"Fiction, Science fiction, Short Story Collection, Speculative Fiction, philosophical","Communication, Free will, Human Experience, Identity, Language & Writing, Science, Technology, Time",Fictional Location
307,9590,Cassandra,Christa Wolf,1983,German,German,305,,1676,240,"Fiction, Historical fiction, Literary Fiction, Modernist, Mythological, philosophical","Fate, Memory, Mythology, Patriarchy, Power, Prophecy, Resistance, Voice, War, gender","Greece, Troy"
308,5635,The New Jim Crow,Michelle Alexander,2010,American,English,312,103000,1677,240,"Cultural, Nonfiction, Political, True Story, True crime","African American History, American History, Civil rights, Criminal Justice System, History, Legal Discrimination, Mass incarceration, Racial discrimination, Racism, Social Inequality, Systemic Racism, War on Drugs",United States
309,3543,The Argonauts,Maggie Nelson,2015,American,English,160,47000,1679,239,"Experimental, Memoir, Modernist, Nonfiction, philosophical","Family, Family dynamics, Gender and Sexuality, Lgbtq+, Love, Motherhood, Parenting, Sexuality, Transformation, Women's Studies, gender, relationships",United States
310,4121,Celestial Harmonies,Peter Esterhazy,2000,Hungarian,Hungarian,800-850,,1683,238,"Encyclopedic, Fiction, Literary Fiction, Postmodern, Social & Cultural Fiction, philosophical","Communism, Family, History, Legacy, Nobility, Politics, aristocracy","Europe, Hungary"
311,4068,The Club Dumas,Arturo Pérez-Reverte,1993,Spanish,Spanish,362-368,,1688,237,"Books About Books, Fiction, Literary Fiction, Magical Realism, Mystery, Postmodern, Thriller & Suspense","Books, Collecting, Conspiracy, Forgery, Investigation, Manuscripts, Novela, Occult","France, Lisbon, Madrid, Paris, Portugal, Spain"
312,4102,The Clay Machine-gun,Victor Pelevin,1996,Russian,Russian,200-300,,1689,237,"Dark, Experimental, Fiction, Modernist, Picaresque, Postmodern, Social & Cultural Fiction, Travel","Insanity, Mythology, Politics, Revolution, War, reality",Russia
313,4547,Lake Wobegon Days,Garrison Keillor,1985,American,English,320,104000,1694,236,"Fiction, Humor, Literary Fiction, Realistic Fiction, Social & Cultural Fiction","Community, Family, Memory, Nostalgia, Small-town life, tradition",Fictional Location
314,6502,A Fatal Inversion,Barbara Vine,1987,British,English,320,90000,1699,236,"Fiction, Literary Fiction, Mystery, Psychological, Thriller & Suspense","Deception, Friendship, Guilt, Murder, relationships, secrets","England, Suffolk"
315,3973,Requiem for a Dream,Hubert Selby,1978,American,English,200-300,55000,1705,235,"Dark, Fiction, Literary Fiction, Psychological, Social & Cultural Fiction, Tragedy","Addiction, Despair, Dreams, Drugs, Economics, Mental Health, Mothers & Children, Obsession, Poverty, Television, relationships","Brooklyn, New York, United States"
316,3579,1Q84,Haruki Murakami,2009,Japanese,Japanese,900-1000,292000,1708,234,"Fiction, Literary Fiction, Magical Realism, Postmodern, Psychological, Science fiction, Speculative Fiction, philosophical","Alternate Realities, Assassins, Control, Cult, Family, Love, Memory, Power, Teachers, Violence, relationships","Japan, Tokyo"
317,3971,Delta of Venus,Anaïs Nin,1977,French,English,250-300,72000,1709,234,"Erotica, Experimental, Fiction, Literary Fiction, Short Story Collection","Desire, Eroticism, Exploration, Intimacy, Passion, Sensuality, Sexuality, Short stories, human nature, relationships","France, Paris"
318,622,Life & Times of Michael K,J. M. Coetzee,1983,South African,English,250,58000,1717,234,"Allegorical, Fiction, Literary Fiction, Pastoral, Realistic Fiction, Social & Cultural Fiction","Freedom, Nature, Poverty, Resilience, Survival, War, isolation, oppression","Africa, South Africa"
319,531,The Making of the Atomic Bomb,Richard Rhodes,1986,American,English,800-900,215000,1720,233,"Encyclopedic, Nonfiction, Political, Technical","American History, Atomic Energy, Ethics, History, History Of Science, Innovation, International relations, Manhattan Project, Military Strategy, Science, Scientific Discovery, World War II, nuclear physics","Germany, Japan, United States"
320,3271,The Secret Diary of Adrian Mole Aged 13 3/4,Sue Townsend,1982,British,English,200-300,30000,1721,233,"Coming of age, Diaries & Journals, Fiction, Humor, Realistic Fiction","Adolescence, Diaries, Family, Family dynamics, Friendship, Juvenile, Love, School, Social Class, Teenagers, Youth, puberty","England, leicester"
321,3992,"Couples, Passersby",Botho Strauß,1981,German,German,126,,1723,232,"Dark, Fiction, Literary Fiction, Modernist, Postmodern, Psychological, philosophical","Alienation, Communication, Existentialism, Human Condition, Love, Modernity, Society, loneliness, relationships","Fictional Location, Germany"
322,13534,The Fox Was Ever The Hunter,Herta Müller,1992,German,German,240,,1725,232,"Allegorical, Drama, Fiction, Literary Fiction, Political, Social & Cultural Fiction","Betrayal, Friendship, Paranoia, Resistance, Totalitarianism, fear, isolation, oppression, surveillance",Romania
323,1296,Harry Potter and the Half-Blood Prince,J. K. Rowling,2005,British,English,607-652,168923,1726,232,"Fantasy, Fiction, Mystery, Speculative Fiction, Thriller & Suspense, Young adult","Betrayal, Death & Grief, Identity, Loyalty, Power, Sacrifice, secrets","England, Fictional Location"
324,3349,Books of Blood,Clive Barker,1984,British,English,507,,1732,229,"Fiction, Horror, Short Story Collection, Speculative Fiction, Supernatural, Technical, Weird Fiction","Darkness, Death & Grief, Revenge, Transformation, Violence, fear, human nature",Fictional Location
325,673,Sabbath's Theater,Philip Roth,1995,American,English,451,241000,1733,229,"Dark Humor, Fiction, Literary Fiction, Picaresque, Postmodern, Tragedy","Aging, Death, Despair, Guilt, Infidelity, Regret, Sex, relationships","New York, United States"
326,3972,Who Do You Think You Are?,Alice Munro,1978,Canadian,English,206-224,,1738,228,"Coming of age, Fiction, Literary Fiction, Realistic Fiction, Short Story Collection","Adulthood, Family, Family dynamics, Friendship, Memory, Mothers & Children, Self-discovery, Short stories, Society, Women's Studies, childhood, gender roles, relationships","Canada, Jubilee, Ontario"
327,363,Interpreter of Maladies,Jhumpa Lahiri,1999,American,English,198-209,27500,1739,228,"Contemporary, Fiction, Literary Fiction, Realistic Fiction, Short Story Collection, Social & Cultural Fiction","Communication, Cultural Differences, Displacement, Family, Immigration, Infidelity, Marriage, Short stories, loneliness, tradition","India, United States"
328,12789,Stone Butch Blues,Leslie Feinberg,1993,American,English,300-320,,1741,228,"Coming of age, Fiction, Literary Fiction, Memoir, Social & Cultural Fiction","Activism, Community, Discrimination, Gender and Sexuality, Labor, Lgbtq+, Resilience, Sexuality, Violence, gender, relationships","Buffalo, New York, United States"
329,1288,A Heartbreaking Work of Staggering Genius,Dave Eggers,2000,American,English,437-512,137000,1752,226,"Dark Humor, Memoir, Nonfiction, Postmodern","Death & Grief, Family, Family dynamics, Grief, Loss, Parenting, Responsibility, Siblings, Survival, Youth, orphans","California, Chicago, Florida, Illinois, San Francisco, United States"
330,4132,The Master,Colm Toibin,2004,Irish,English,338,,1758,225,"Fiction, Historical fiction, Literary Fiction, Modernist, Psychological, Victorian","Creativity, Family, Friendship, Grief, Lgbtq+, Memory, Sexuality, loneliness","Dublin, England, Ireland, Italy, United States"
331,9650,Collected Stories,Isaac Bashevis Singer,1982,Polish,English,832,,1761,225,"Fiction, Literary Fiction, Magical Realism, Short Story Collection, Social & Cultural Fiction","Exile, Faith, Family, Friendship, Jewish Identity, Mysticism, human nature, morality, tradition","Poland, United States"
332,1958,The Giver,Lois Lowry,1993,American,English,180-240,43000,1767,224,"Allegorical, Coming of age, Dystopian, Fiction, Speculative Fiction, Young adult","Choice, Conformity, Control, Emotion, Family, Freedom, Individuality, Memory, Pain","Fictional Location, United States"
333,10527,A Time To Kill,John Grisham,1989,American,English,515,161000,1769,224,"Crime, Drama, Fiction, Political, Thriller & Suspense","Family, Justice, Law, Murder, Prejudice, Racism, Revenge, Southern Culture, Trial, Violence, morality","Clanton, Mississippi, United States"
334,4910,Texaco,Patrick Chamoiseau,1992,Martinican,French,400-500,,1774,223,"Fiction, Historical fiction, Literary Fiction, Magical Realism, Postmodern, Social & Cultural Fiction","Community, Memory, Migration, Resistance, Slavery, Storytelling, Struggle, colonialism, heritage","Fort-de-France, Martinique"
335,3585,Men We Reaped,Jesmyn Ward,2013,American,English,256,,1776,222,"Cultural, Family & Relationships, Memoir, Nonfiction, Tragedy","Community, Death & Grief, Family, Family dynamics, Identity, Loss, Poverty, Racism, Resilience, Survival","DeLisle, Mississippi, United States"
336,12301,A Time Of Gifts,Patrick Leigh Fermor,1977,British,English,300-350,96000,1777,222,"Cultural, Dark, Memoir, Nonfiction, Travel","Culture, European History, History, Self-discovery","Austria, Czechoslovakia, Europe, Germany, Hungary, Netherlands"
337,3477,Swan Song,Robert R. McCammon,1987,American,English,850-960,960000,1780,221,"Dystopian, Fantasy, Fiction, Horror, Post Apocalyptic, Speculative Fiction, Thriller & Suspense","Good vs. Evil, Humanity, Post-apocalypse, Prophecy, Redemption, Survival, War, mutants","Hope, United States"
338,1418,The Curious Incident of the Dog in the Night-time,Mark Haddon,2003,British,English,272-320,64500,1781,221,"Coming of age, Fiction, Literary Fiction, Mystery, Realistic Fiction","Animals, Autism, Family, Family dynamics, Investigation, Juvenile, Mathematics, Murder, Novela, Psychology & Mental Health, Trust, Truth, relationships","England, Independence, Paris, Swindon"
339,2025,The Immortal Life of Henrietta Lacks,Rebecca Skloot,2010,American,English,300-400,128000,1784,221,"Biography, Cultural, Nonfiction, True Story, True crime","American History, Ethics, Family, History, History Of Science, Immortality, Informed Consent, Medicine, Research, Science, race","Baltimore, Maryland, United States, Virginia"
340,1457,Experience,Martin Amis,2000,British,English,432,,1788,220,"Memoir, Nonfiction, philosophical","Death, Family, Fatherhood, Friendship, Grief, Memory, relationships, writing","England, London"
341,4273,Barbarian Days,William Finnegan,2015,American,English,384,156000,1790,220,"Cultural, Memoir, Nonfiction, Sailors & The Sea, Travel","Culture, Friendship, Nature, Self-discovery, Sports, Sports & Outdoors, Surfing","Africa, Australia, California, Fiji, Hawaii, South Africa, United States"
342,11383,Small Lives,Pierre Michon,1984,French,French,96-176,,1796,219,"Dark, Experimental, Fiction, Literary Fiction, Short Story Collection, philosophical","Death, Existence, History, Humanity, Lives, Memory, Narrative",France
343,3968,The Engineer of Human Souls,Josef Škvorecký,1977,Czech,Czech,570-600,,1797,218,"Fiction, Literary Fiction, Modernist, Picaresque, Postmodern","Communism, Culture, Exile, History, Memory, Politics, Teaching","Canada, Czech Republic, Europe, Toronto"
344,1525,Jonathan Strange and Mr Norrell,Susanna Clarke,2004,British,English,782-1006,308931,1798,218,"Fantasy, Fiction, Gothic, High Fantasy, Historical fiction, Magical Realism, Speculative Fiction","Betrayal, Friendship, Madness, Magic, Power, Prophecy, Restoration, Rivalry, Sacrifice, Teachers, War","England, Fictional Location, Great Britain, London"
345,11357,To The Friend Who Did Not Save My Life,Hervé Guibert,1990,French,French,256,,1799,218,"Allegorical, Experimental, Fiction, Literary Fiction, Memoir, Postmodern","AIDS, Death, Friendship, Grief, Illness, Lgbtq+, homosexuality, writing","France, Paris"
346,2253,Dinner at the Homesick Restaurant,Anne Tyler,1982,American,English,300-400,82000,1804,218,"Contemporary, Drama, Family & Relationships, Fiction, Literary Fiction, Realistic Fiction","Aging, Death, Death & Grief, Family, Family dynamics, Forgiveness, Memory, Mothers & Children, Parenting, Siblings, conflict, relationships","Baltimore, United States"
347,3152,Sophie's World,Jostein Gaarder,1991,Norwegian,Norwegian,400-600,151000,1811,217,"Fiction, Historical fiction, Literary Fiction, Postmodern, philosophical","Education, Existence, History, Knowledge, Philosophy, Wisdom, curiosity, reality",Norway
348,105,Harry Potter and the Goblet of Fire,J. K. Rowling,2000,British,English,636-734,190637,1812,217,"Adventure, Coming of age, Fantasy, Fiction, High Fantasy, Speculative Fiction, Young adult","Courage, Family, Friendship, Identity, Justice, Loyalty, Power, Prejudice, Sacrifice, competition, fear","England, Fictional Location"
349,582,The Transit of Venus,Shirley Hazzard,1980,Australian,English,320-352,,1817,216,"Coming of age, Drama, Fiction, Historical fiction, Literary Fiction, Psychological","Ambition, Betrayal, Death, Family, Love, Siblings, relationships","Australia, England, United States"
350,2684,July's People,Nadine Gordimer,1981,South African,English,160-200,47000,1824,215,"Drama, Fiction, Literary Fiction, Political, Realistic Fiction, Social & Cultural Fiction","Apartheid, Family, Power, Privilege, Race relations, Racism, Survival, change, class, conflict","Africa, South Africa, Southern Africa"
351,3601,The Sixth Extinction,Elizabeth Kolbert,2014,American,English,300-350,104000,1828,214,"Cultural, Drama, Nonfiction, Political, Travel","Biodiversity, Climate Change, Conservation, Extinction, History, History Of Science, Human Impact, Life Sciences, Nature & Environment, Palaeontology, Science, Species Loss","Australia, Brazil, Iceland, Panama, United States, Venezuela"
352,3238,The Shadow of the Wind,Carlos Ruiz Zafon,2001,Spanish,Spanish,480-560,130000,1836,213,"Books About Books, Fiction, Historical fiction, Literary Fiction, Magical Realism, Mystery","Betrayal, Books, Death, Family, Friendship, Love, Memory, Obsession, Revenge, secrets","Barcelona, Spain"
353,2935,Orientalism,Edward W. Said,1978,Palestinian,English,300-400,80000,1839,213,"Cultural, Mythological, Nonfiction, Political, philosophical","Asian History, Culture, History, Identity, Imperialism, Knowledge, Middle East History, Orientalism, Power, Representation, Stereotypes, academic, colonialism","Asia, Europe, Middle East, United States"
354,502,And the Band Played On,Randy Shilts,1987,American,English,630,220000,1844,212,"Cultural, Nonfiction, Political, True Story, True crime","AIDS, Activism, American History, Community Impact, Government Response, History, Media Coverage, Medical Research, Medicine, Public Health, Stigma","California, San Francisco, United States"
355,4091,Pereira Maintains,Antonio Tabucchi,1994,Italian,Italian,192,,1848,211,"Fiction, Literary Fiction, Political, Psychological, Social & Cultural Fiction, philosophical","Death, Espionage, Friendship, Journalism, Politics, Resistance, censorship","Lisbon, Portugal"
356,675,Cold Mountain,Charles Frazier,1997,American,English,350-500,161511,1849,211,"Adventure, Fiction, Historical fiction, Literary Fiction, Realistic Fiction","Despair, Friendship, Healing, History, Homecoming, Journey, Love, Southern Culture, Survival, Trauma, War, isolation","Hope, North Carolina, United States"
357,980,The Looming Tower,Lawrence Wright,2006,American,English,469,128000,1852,210,"Cultural, Nonfiction, Political, True Story, True crime","Al-Qaeda, American History, Espionage, History, Intelligence, Islam, Jihad, Middle East History, Politics, Radicalization, Security, Terrorism, extremism","Afghanistan, Kenya, Saudi Arabia, Sudan, Tanzania, United States, Yemen"
358,6229,A Dark Adapted Eye,Barbara Vine,1986,British,English,275-304,90000,1853,210,"Fiction, Gothic, Literary Fiction, Mystery, Psychological","Betrayal, Family, Inheritance, Murder, Psychology, secrets",England
359,6033,"Poems, New And Collected, 1957 1997",Wislawa Szymborska,1998,Polish,Polish,275,,1855,209,"Cultural, Experimental, Fiction, Literary Fiction, Poetry, Postmodern","Existence, History, Humanity, Identity, Memory, Mortality, Nature, Time",Poland
360,4315,The Uses of Enchantment,Bruno Bettelheim,1976,Austrian,English,320-352,,1856,209,"Esoterica, Folklore & Fairy Tales, Nonfiction, Psychological, philosophical","Child development, Cultural Influence, Mythology, Psychology, Psychology & Mental Health, Storytelling, Symbolism",Fictional Location
361,958,The Soul of a New Machine,Tracy Kidder,1981,American,English,293,104000,1857,209,"Biography, Modernist, Nonfiction, Technical, Travel","Corporate Culture, Dedication, Engineering, Innovation, Problem-Solving, Teamwork, Technology, competition","Massachusetts, United States, Westborough"
362,2481,Obasan,Joy Kogawa,1981,Canadian,English,200-350,52000,1858,208,"Family & Relationships, Fiction, Historical fiction, Literary Fiction, Realistic Fiction, Social & Cultural Fiction","Discrimination, Family, Family dynamics, History, Indigenous, Indigenous Identity, Indigenous People, Internment, Memory, Resilience, Trauma, War, World War II, silence","British Columbia, Canada, Slocan"
363,2479,Annie John,Jamaica Kincaid,1985,Antiguan,English,148,30000,1861,208,"Coming of age, Fiction, Literary Fiction, Realistic Fiction, Social & Cultural Fiction","Adolescence, Death, Education, Mother-daughter relationship, Teenagers, colonialism","Antigua, Caribbean, Independence"
364,4000,Waterland,Graham Swift,1983,British,English,310-400,90000,1864,207,"Fiction, Historical fiction, Literary Fiction, Modernist, Postmodern, Social & Cultural Fiction","Death, Education, Family, History, Infidelity, Madness, Memory, Teachers, Trauma, relationships, secrets","England, The Fens"
365,1294,Me Talk Pretty One Day,David Sedaris,2000,American,English,272,100000,1865,207,"Cultural, Humor, Memoir, Nonfiction, Short Story Collection","Culture, Education, Essays, Family, Juvenile, Language, Pets, Teenagers, childhood, relationships","Asia, France, New York, Paris, United States"
366,4174,Tenth of December,George Saunders,2013,American,English,250-300,65000,1870,206,"Absurdist, Fiction, Literary Fiction, Modernist, Postmodern, Short Story Collection","Death, Family, Humanity, Mental Health, Redemption, Society, Suffering, compassion, isolation, morality",Fictional Location
367,11720,Killing Floor,Lee Child,1997,British,English,424,157000,1871,206,"Crime, Fiction, Hard Boiled, Mystery, Thriller & Suspense","Conspiracy, Counterfeiting, Family, Investigation, Justice, Murder, Police, Survival, Violence, corruption","Georgia, Margrave, United States"
368,3096,The Physician,Noah Gordon,1986,American,English,600-640,240000,1872,206,"Adventure, Fiction, Historical fiction, Literary Fiction, Social & Cultural Fiction","Death, Education, Friendship, Healing, Jews, Love, Medicine, Survival, orphans","England, Fictional Location, Persia"
369,15437,Red Sorghum,Yan Mo,1986,Chinese,Chinese,350-400,,1875,205,"Fiction, Historical fiction, Literary Fiction, Magical Realism, Modernist, Social & Cultural Fiction","Betrayal, Family, Heroism, Love, Resistance, Suffering, Survival, Violence, War, tradition",China
370,3342,NW,Zadie Smith,2012,British,English,300-400,120000,1876,205,"Contemporary, Fiction, Literary Fiction, Realistic Fiction, Social & Cultural Fiction","Ambition, Community, Education, class, race","England, London"
371,1295,Harry Potter and the Order of the Phoenix,J. K. Rowling,2003,British,English,766-870,257045,1879,205,"Adventure, Fantasy, Fiction, Good and evil, Speculative Fiction, Tragedy, Young adult","Authority, Courage, Family, Friendship, Identity, Justice, Loss, Prophecy, isolation, rebellion","England, Fictional Location"
372,12306,The Collected Stories Of Lydia Davis,Lydia Davis,2009,American,English,733,,1882,204,"Experimental, Fiction, Literary Fiction, Postmodern, Short Story Collection, Surreal","Communication, Daily life, Family, Language, Memory, Perception, Short stories, loneliness, relationships",Fictional Location
373,380,World's End,T. C. Boyle,1987,American,English,456,,1885,204,"Dark, Fiction, Historical fiction, Literary Fiction, Postmodern","Betrayal, Family, Generations, History, Legacy, Myth, Nature & Environment, Novela, conflict, rebellion, relationships","California, United States"
374,4258,The Witches,Roald Dahl,1983,British,English,200-300,36000,1892,203,"Adventure, Children's books, Fantasy, Fiction, Horror, Speculative Fiction","Courage, Family, Good vs Evil, Transformation, childhood, fear","England, Norway"
375,2070,Geek Love,Katherine Dunn,1989,American,English,348,135000,1893,203,"Absurdist, Dark, Fiction, Horror, Literary Fiction, Magical Realism, Postmodern, Speculative Fiction, Travel","Carnivals, Freaks, Genetic engineering, Manipulation, Obsession, Power, Sibling rivalry, isolation",Fictional Location
376,4238,A Little Life,Hanya Yanagihara,2015,American,English,720-832,288000,1904,202,"Fiction, Literary Fiction, Psychological, Realistic Fiction, Tragedy","Friendship, Identity, Love, Pain, Psychology & Mental Health, Resilience, Survival, Trauma, abuse, loneliness","New York, United States"
377,115,Corelli's Mandolin,Louis de Bernières,1994,British,English,400-500,145000,1906,202,"Drama, Fiction, Historical fiction, Literary Fiction, Magical Realism, Romance","Betrayal, Courage, Friendship, Love, Music, Novela, Occupation, Resistance, Survival, War, World War II, relationships","Cephallonia, Great Britain, Greece"
378,4003,Shame,Salman Rushdie,1983,British,English,319,100000,1920,201,"Allegorical, Fiction, Literary Fiction, Magical Realism, Social & Cultural Fiction","Business & Money, Family, Honor, Madness, Politics, Power, Revenge, Shame, Violence, corruption","Fictional Location, Pakistan"
379,2041,The Emperor of All Maladies,Siddhartha Mukherjee,2010,American,English,571-608,198000,1931,199,"Biography, Encyclopedic, Nonfiction, True Story, philosophical","Health & Fitness, History, Humanity, Innovation, Medicine, Research, Science, Survival, Treatment",United States
380,9985,Sister Outsider,Audre Lorde,1984,American,English,190-200,,1939,198,"Cultural, Memoir, Nonfiction, Poetry, philosophical","Activism, Empowerment, Feminism, Gender and Sexuality, Homophobia, Intersectionality, Lgbtq+, Racism, Self-expression, Sexism, Social Justice, Womens Studies, oppression",United States
381,4445,Parable of the Talents,Octavia E. Butler,1998,American,English,365,126000,1945,198,"Dystopian, Fiction, Political, Post Apocalyptic, Social & Cultural Fiction, Speculative Fiction","Christianity, Community, Family, Leadership, Politics, Slavery, Survival, Terrorism, Violence","Fictional Location, Hope, United States"
382,4079,The Virgin Suicides,Jeffrey Eugenides,1993,American,English,240-250,81000,1947,198,"Fiction, Literary Fiction, Modernist, Psychological, Social & Cultural Fiction, Tragedy","Adolescence, Community, Family, Family dynamics, Grief, Memory, Mental Health, Nostalgia, Siblings, Suicide, Teenagers, isolation","Michigan, Suburb of Detroit, United States"
383,2438,House with the Blind Glass Windows,Herbjørg Wassmo,1981,Norwegian,Norwegian,300-400,,1950,197,"Coming of age, Family & Relationships, Fiction, Literary Fiction, Realistic Fiction","Family, Resilience, Trauma, abuse, childhood, isolation, secrets",Norway
384,2029,The Man Who Mistook His Wife for a Hat,Oliver Sacks,1985,British,English,233-350,63000,1952,197,"Nonfiction, Psychological, True Story, philosophical","Cognition, Consciousness, Disorder, History, History Of Science, Human Experience, Identity, Medicine, Memory, Neurology, Perception, Science",United States
385,86,The Sportswriter,Richard Ford,1986,American,English,375,97500,1954,197,"Contemporary, Fiction, Literary Fiction, Psychological, Realistic Fiction, Social & Cultural Fiction","Divorce, Existentialism, Fatherhood, Friendship, Grief, Marriage, Midlife crisis, Sportswriting, relationships","Haddam, New Jersey, United States"
386,2056,Let the Great World Spin,Colum McCann,2009,Irish,English,349,138000,1956,196,"Drama, Fiction, Literary Fiction, Realistic Fiction, Social & Cultural Fiction","Death, Family, Family dynamics, Friendship, Grief, History, Loss, Redemption, Survival","Hope, New York City, United States"
387,3438,Your Face Tomorrow,Javier Marias,2002,Spanish,Spanish,384,150000,1959,196,"Fiction, Literary Fiction, Postmodern, Psychological, Spy, Thriller & Suspense, philosophical","Betrayal, Deception, Espionage, Memory, Trust, Violence, fear, secrets","London, Madrid, Spain, United Kingdom"
388,2627,Aunt Julia and the Scriptwriter,Mario Vargas Llosa,1977,Peruvian,Spanish,384,134000,1960,195,"Fiction, Humor, Literary Fiction, Magical Realism, Postmodern","Age Difference, Career, Creativity, Love, Radio, Storytelling, relationships, writing","Latin American, Lima, Peru"
389,1248,A Childhood,Harry Crews,1978,American,English,182,60000,1962,195,"Americana, Cultural, Memoir, Nonfiction","Childhood and youth, Community, Culture, Family, Farm life, Hardship, Poverty, Resilience, Rural Life, Survival, childhood","American, Bacon County, Georgia, United States"
390,4396,Say Nothing,Patrick Radden Keefe,2018,American,English,441,118000,1966,195,"Cultural, Nonfiction, Political, Psychological, True crime","American History, Disappearance, European History, Family, Family dynamics, History, Investigation, Politics, Terrorism, Violence, conflict, rebellion, secrets","Europe, Great Britain, Ireland, Northern Ireland, United Kingdom"
391,3052,Freedom,Jonathan Franzen,2010,American,English,562-608,561996,1967,195,"Family & Relationships, Fiction, Literary Fiction, Psychological, Realistic Fiction, Social & Cultural Fiction","Environment, Family, Family dynamics, Freedom, Friendship, Infidelity, Marriage, Parenting, Politics, depression","Minnesota, St. Paul, United States"
392,10032,A School For Fools,Sasha Sokolov,1976,Russian,Russian,160-200,41000,1970,194,"Absurdist, Experimental, Fiction, Literary Fiction, Postmodern, Psychological","Adolescence, Alienation, Education, Family, Memory, Mental illness, Society",Fictional Location
393,3997,Baltasar and Blimunda,José Saramago,1982,Portuguese,Portuguese,300-400,108000,1972,194,"Allegorical, Fiction, Historical fiction, Literary Fiction, Magical Realism, philosophical","Alchemy, Flight, Inquisition, Love, Mysticism, Science, Vision, oppression","Lisbon, Portugal"
394,2078,The Flamethrowers,Rachel Kushner,2013,American,English,383,153000,1973,194,"Fiction, Historical fiction, Literary Fiction, Postmodern, Social & Cultural Fiction","Motorcycles, Politics, Protests, Violence, rebellion, relationships","Italy, New York, United States"
395,805,The Habit of Being,Flannery O'Connor,1979,American,English,600-640,,1977,194,"Cultural, Literary Letters, Nonfiction, Travel","Correspondence, Crafts, Hobbies & Home, Criticism, Essays, Faith, Friendship, Illness, Philosophy, letters, writing","Georgia, United States"
396,2019,The Color of Water,James McBride,1995,American,English,300-350,76000,1979,193,"Biography, Cultural, Family & Relationships, Memoir, Nonfiction","Cultural Heritage, Family, Family dynamics, Identity, Motherhood, Racism, Resilience, Self-discovery, race","New York City, United States"
397,3473,The Notebook,Nicholas Sparks,1996,American,English,214,52000,1981,193,"Family & Relationships, Fiction, Literary Fiction, Realistic Fiction, Romance","Aging, Family, Illness, Love, Memory, Novela, World War II, relationships","New Bern, North Carolina, United States"
398,13536,The War,Marguerite Duras,1985,French,French,192,,1988,193,"Diaries & Journals, Drama, International, Memoir, Nonfiction","Liberation, Love, Memory, Resistance, Suffering, Survival, Trauma, War","France, Hope, Vietnam"
399,6340,The Land Of Laughs,Jonathan Carroll,1980,American,English,241,59000,1999,192,"Fiction, Literary Fiction, Magical Realism, Postmodern, Weird Fiction","Authors, Authorship, Books, Death, Influence, Magic, reality, relationships","Fictional Location, Missouri"
400,4373,Elizabeth Costello,J. M. Coetzee,2003,South African,English,230,70000,2015,192,"Fiction, Literary Fiction, Postmodern, metafiction, philosophical","Animal Rights, Belief Systems, Ethics, Human Consciousness, Mortality, Philosophy","Africa, Australia, South Africa, United States"
401,6339,Ghost Story,Peter Straub,1979,American,English,483-560,150000,2016,191,"Fiction, Gothic, Horror, Psychological, Speculative Fiction, Supernatural, Thriller & Suspense","Death, Friendship, Ghosts, Guilt, Haunting, Revenge, fear, secrets","Milburn, United States"
402,3359,Memoirs of a Geisha,Arthur Golden,1997,American,English,400-500,186000,2017,191,"Coming of age, Fiction, Historical fiction, Literary Fiction, Social & Cultural Fiction","Beauty, Betrayal, Freedom, History, Identity, Love, Power, Survival, tradition","Japan, Kyoto"
403,2059,The Round House,Louise Erdrich,2012,American,English,300-400,80000,2026,191,"Coming of age, Fiction, Literary Fiction, Mystery, Realistic Fiction, Social & Cultural Fiction","Community, Culture, Indians of North America, Indigenous, Indigenous Identity, Indigenous People, Justice, Law, Native American, Revenge, Survival, Trauma, Violence","North Dakota, United States"
404,16356,Amusing Ourselves To Death,Neil Postman,1985,American,English,160-200,,2027,190,"Modernist, Nonfiction, Political, Pop Culture, philosophical","Communication, Culture, Education, Entertainment, Information, Politics, Public Discourse, Technology, Television","Media, New York, United States"
405,2086,Sixty Stories,Donald Barthelme,1981,American,English,256-320,,2034,190,"Dark, Experimental, Fiction, Literary Fiction, Modernist, Postmodern, Short Story Collection, Travel","Alienation, Communication, Existentialism, Family, Identity, Marriage, Modernity",Fictional Location
406,387,Snow Falling on Cedars,David Guterson,1994,American,English,400-500,138460,2035,190,"Fiction, Historical fiction, Literary Fiction, Mystery, Social & Cultural Fiction, Tragedy","Community, Guilt, Journalists, Justice, Love, Memory, Movies, Prejudice, Racism, War, isolation","San Piedro Island, United States, Washington"
407,11459,The Passion Of New Eve,Angela Carter,1977,British,English,192,59000,2036,190,"Experimental, Fiction, Literary Fiction, Magical Realism, Postmodern, Speculative Fiction, philosophical","Feminism, Mythology, Power, Rebirth, Sexuality, Transformation, Violence, gender","New York City, United States"
408,4041,The Last World,Christoph Ransmayr,1988,Austrian,German,310,,2040,190,"Allegorical, Fiction, Historical fiction, Literary Fiction, Mythological, Postmodern","Exile, Language, Memory, Military, Mythology, Nature, Power, Storytelling, Transformation, World War II, isolation",Fictional Location
409,4225,"Thinking, Fast and Slow",Daniel Kahneman,2011,Israeli,English,499,198000,2044,189,"Encyclopedic, Nonfiction, Psychological, Technical, philosophical","Behavioral Economics, Cognition, Decision-making, Heuristics, History, History Of Science, Intuition, Judgment, Psychology, Rationality, Science, bias",Fictional Location
410,4034,The Black Dahlia,James Ellroy,1987,American,English,300-400,128000,2045,189,"Crime, Fiction, Mystery, Thriller & Suspense, noir","Deception, Investigation, Murder, Obsession, Police, Psychological Trauma, Violence, corruption, relationships","California, Los Angeles, United States"
411,5679,Howl's Moving Castle,Diana Wynne Jones,1986,British,English,300-350,68000,2053,188,"Adventure, Fantasy, Fiction, High Fantasy, Speculative Fiction, Young adult","Curses, Juvenile, Love, Magic, Self-discovery, Siblings, Transformation, Whales, Wizards","Fictional Location, Wales"
412,2066,The Bloody Chamber And Other Stories,Angela Carter,1979,British,English,120-160,35000,2054,188,"Dark, Fiction, Folklore & Fairy Tales, Gothic, Magical Realism, Retellings","Desire, Identity, Mythology, Power, Sexuality, Transformation, Violence, Women's Studies",Fictional Location
413,4099,Santa Evita,Tomás Eloy Martínez,1995,Argentinian,Spanish,400,,2056,187,"Fiction, Historical fiction, Literary Fiction, Magical Realism, Political, Postmodern","Death, Legacy, Manipulation, Myth, Obsession, Politics, Power","Argentina, Buenos Aires"
414,4556,Fight Club,Chuck Palahniuk,1996,American,English,208,49504,2058,187,"Dark, Dark Humor, Fiction, Literary Fiction, Postmodern, Psychological, Social & Cultural Fiction, Thriller & Suspense","Anarchy, Existentialism, Friendship, Mental illness, Violence, consumerism, masculinity, rebellion, self-destruction","Delaware, United States, Wilmington"
415,3558,Citizen,Claudia Rankine,2014,American,English,160-200,,2061,187,"Cultural, Experimental, Modernist, Nonfiction, Poetry","Essays, Injustice, Microaggressions, Race relations, Racism, Resilience, Sports, Trauma, Violence","Media, United States"
416,5386,The Great Believers,Rebecca Makkai,2018,American,English,432,143000,2069,186,"Fiction, Historical fiction, Literary Fiction, Realistic Fiction, Social & Cultural Fiction","AIDS, Community, Family, Friendship, Grief, Lgbtq+, Loss, Memory, Survival, Trauma","Chicago, France, Paris, United States"
417,2152,The Bean Trees,Barbara Kingsolver,1988,American,English,232-338,62000,2077,186,"Coming of age, Fiction, Literary Fiction, Realistic Fiction, Social & Cultural Fiction","Adoption, Community, Family, Family dynamics, Friendship, Immigration, Indians of North America, Motherhood, Resilience, Social Issues, Survival, Trauma, Women's Studies, orphans","Arizona, Tucson, United States, West (U.S.)"
418,3432,Just Kids,Patti Smith,2010,American,English,304,85000,2085,185,"Art, Cultural, Family & Relationships, Memoir, Nonfiction","Friendship, Music, Photography, Struggle, Women's Studies, Youth","New York, New York City, United States"
419,542,The Shell Seekers,Rosamunde Pilcher,1987,British,English,530-600,249000,2092,184,"Family & Relationships, Fiction, Historical fiction, Literary Fiction, Romance, Sagas","Conflict of generations, Family, Family dynamics, Inheritance, Inheritance and succession, Love, Memory, Women, Women's Studies, World War II, relationships, secrets","Cornwall, England, Europe, Great Britain, London"
420,280,Haroun and the Sea of Stories,Salman Rushdie,1990,British,English,200-224,38000,2095,184,"Allegorical, Fantasy, Fiction, Folklore & Fairy Tales, Literary Fiction, Magical Realism, Speculative Fiction","Creativity, Freedom, Juvenile, Magic, Stories, censorship, conflict, imagination",Fictional Location
421,10060,House On The Embankment,Yuri Trifonov,1976,Russian,Russian,200-250,,2097,184,"Fiction, Historical fiction, Literary Fiction, Psychological, Social & Cultural Fiction, philosophical","Betrayal, Conformity, Friendship, Guilt, Memory, Politics, Power, Survival, fear, morality","Moscow, Russia"
422,15807,The Luminous Novel,Mario Levrero,2005,Uruguayan,Spanish,500-600,,2098,184,"Diaries & Journals, Fiction, Literary Fiction, Postmodern, metafiction, philosophical","Creativity, Death, Dreams, Existence, Illness, Memory, Self-discovery, isolation, writing","Montevideo, Uruguay"
423,4114,All Souls' Day,Cees Nooteboom,1998,Dutch,Dutch,352,,2099,184,"Drama, Fiction, Literary Fiction, Postmodern, Social & Cultural Fiction, philosophical","Culture, Existentialism, Grief, History, Loss, Memory, relationships","Berlin, Germany"
424,10078,Farewell To Matyora,Valentin Rasputin,1976,Russian,Russian,150-200,60000,2104,183,"Fiction, Historical fiction, Literary Fiction, Pastoral, Social & Cultural Fiction","Community, Displacement, Family, Loss, Memory, Modernization, Nature, Resistance, tradition","Russia, Siberia"
425,118,Harry Potter And The Chamber Of Secrets,J. K. Rowling,1998,British,English,251-360,85141,2105,183,"Adventure, Fantasy, Fiction, Mystery, Speculative Fiction, Young adult","Courage, Friendship, Identity, Loyalty, Prejudice, fear, heritage, secrets","England, Fictional Location"
426,6348,Mythago Wood,Robert Holdstock,1984,British,English,300-400,67200,2111,182,"Fantasy, Fiction, Magical Realism, Mythological, Speculative Fiction, Weird Fiction","Archetypes, Family, Magic, Memory, Mythical Creatures, Mythology, Psychology, Transformation, forests",Fictional Location
427,20509,The Assault,Harry Mulisch,1982,Dutch,Dutch,180-250,,2115,182,"Allegorical, Fiction, Historical fiction, Literary Fiction, Modernist, Thriller & Suspense, Travel",War,"Haarlem, Netherlands"
428,4519,Cryptonomicon,Neal Stephenson,1999,American,English,900-1150,415000,2118,181,"Cyberpunk, Encyclopedic, Fiction, Historical fiction, Literary Fiction, Science fiction, Speculative Fiction","Alternate History, Codes, Computers, Cryptography, Espionage, Finance, History, Mathematics, Technology, World War II, treasure","Germany, Manila, Philippines, United Kingdom, United States"
429,1439,Home,Marilynne Robinson,2008,American,English,336,102000,2119,181,"Drama, Family & Relationships, Fiction, Literary Fiction, Realistic Fiction, Tragedy","Christianity, Estrangement, Faith, Family, Family dynamics, Forgiveness, Guilt, Mortality, Parenthood, Reconciliation, Redemption, Siblings","Gilead, Iowa, United States"
430,3981,Fool's Gold,Máro Doýka,1979,Hungarian,Unknown,325,,2125,181,"Fiction, Literary Fiction, Psychological, Social & Cultural Fiction, Thriller & Suspense","Betrayal, Country life, Deception, Friendship, greed, treasure",Fictional Location
431,573,The Clan of the Cave Bear,Jean M. Auel,1980,American,English,495-512,186739,2132,180,"Adventure, Coming of age, Fiction, Historical fiction, Social & Cultural Fiction","Adoption, Family, Healing, History, Indigenous, Life Sciences, Prehistoric Life, Survival, Women's Studies, conflict, gender roles, tradition","Europe, Fictional Location"
432,3173,Soul and Other Stories,Andrey Platonov,1999,Russian,Russian,200-250,,2134,180,"Dark, Fiction, Literary Fiction, Postmodern, Short Story Collection, Social & Cultural Fiction, philosophical","Existentialism, Human Condition, Identity, Soviet Ideology, Struggle, Survival, isolation","Hope, Russia"
433,1404,No Logo,Naomi Klein,1999,Canadian,English,490,150000,2137,180,"Cultural, Modernist, Nonfiction, Political, Pop Culture","Activism, Anti-Capitalism, Branding, Corporate power, Cultural Homogenization, Economic Inequality, Globalization, Labor Rights, Marketing, consumerism","Canada, United States"
434,3280,The Girl with the Dragon Tattoo,Stieg Larsson,2005,Swedish,Swedish,465-590,204000,2140,180,"Crime, Fiction, Mystery, Psychological, Thriller & Suspense","Family, Finance, Journalism, Murder, Revenge, Technology, abuse, corruption","Stockholm, Sweden"
435,2054,Far From the Tree,Andrew Solomon,2012,American,English,976,445000,2152,179,"Counselling, Cultural, Family & Relationships, Memoir, Nonfiction","Acceptance, Difference, Diversity, Empathy, Family, Family dynamics, Gender and Sexuality, Identity, Parenting, Resilience, belonging, disability",United States
436,3358,No Country for Old Men,Cormac McCarthy,2005,American,English,300-320,62961,2155,179,"Crime, Fiction, Thriller & Suspense, Westerns, noir","Drugs, Ethics, Fate, Justice, Law Enforcement, Novela, Survival, Violence, greed, morality","Texas, United States"
437,4087,On Love,Alain de Botton,1993,British,English,224,,2156,178,"Family & Relationships, Fiction, Literary Fiction, Modernist, Nonfiction, philosophical","Attraction, Desire, Emotions, Health & Fitness, Heartbreak, Intimacy, Love, Philosophy, Psychology, Psychology & Mental Health, relationships","London, United Kingdom"
438,3276,American Gods,Neil Gaiman,2001,British,English,400-750,200000,2157,178,"Fantasy, Fiction, Literary Fiction, Magical Realism, Mythological, Postmodern, Speculative Fiction","Belief, Cultural Conflict, Faith, Identity, Immigration, Mythology, Power, change","Chicago, Illinois, United States"
439,3553,Lives Other Than My Own,Emmanuel Carrère,2009,French,French,207,,2158,178,"Biography, Cultural, Family & Relationships, Memoir, Nonfiction","Cancer, Death, Death & Grief, Family, Family dynamics, Friendship, Grief, Interpersonal relations, Justice, Law, Love, Survival, compassion","France, Sri Lanka, Tsunami"
440,4113,Veronika Decides to Die,Paulo Coelho,1998,Brazilian,Portuguese,200-300,51000,2161,177,"Fiction, Literary Fiction, Magical Realism, Psychological, philosophical","Existentialism, Freedom, Life Purpose, Love, Mental Health, Psychiatry, Sanity, Self-discovery, Suicide, depression","Ljubljana, Slovenia"
441,9835,The Witches Of Eastwick,John Updike,1984,American,English,307-320,94563,2162,177,"Fiction, Literary Fiction, Magical Realism, Satire, Supernatural","Adultery, Death, Divorce, Empowerment, Friendship, Magic, Revenge, Sexuality, Transformation, Witchcraft","Eastwick, Rhode Island, United States"
442,1304,Dreams from My Father,Barack Obama,1995,American,English,300-450,153000,2163,177,"Autobiography, Cultural, Memoir, Nonfiction, Political","African American History, American History, Community, Family, History, Identity, Racism, Self-discovery, belonging, heritage, race","Chicago, Hawaii, Indonesia, United States"
443,748,The Gate of Heavenly Peace,Jonathan Spence,1981,American,English,528,,2166,177,"Biography, Cultural, Nonfiction, Political, Travel","American History, Asian History, Communism, Culture, History, Ideology, Intellectuals, Military, Politics, Protest, Reform, Revolution","Beijing, China"
444,10118,Swordspoint,Ellen Kushner,1987,American,English,286,101000,2165,177,"Drama, Fantasy, Fiction, Literary Fiction, Social & Cultural Fiction, Speculative Fiction","Betrayal, Dueling, Honor, Intrigue, Love, Politics, Power, Revenge, Swordsmanship, class",Fictional Location
445,877,The Last Lion,William Manchester,1983,American,English,992,250000,2167,177,"Biography, Nonfiction, Political, Travel","American History, Courage, Diplomacy, European History, Foreign relations, History, Jewish, Leadership, Military, Politics, War, World War II","England, Great Britain, London, United Kingdom"
446,2089,The Sense of an Ending,Julian Barnes,2011,British,English,150-200,41000,2172,176,"Coming of age, Fiction, Literary Fiction, Postmodern, Psychological, philosophical","Aging, Friendship, Guilt, History, Memory, Regret, Suicide, Truth, relationships","England, London"
447,390,Waiting,Ha Jin,1999,Chinese,English,300-320,90000,2174,176,"Family & Relationships, Fiction, Historical fiction, Literary Fiction, Realistic Fiction, Tragedy","Bureaucracy, Desire, Duty, Family, Family dynamics, Infidelity, Interpersonal relations, Love, Marriage, Medicine, Sacrifice, loneliness, relationships, tradition",China
448,4172,My Year of Rest and Relaxation,Ottessa Moshfegh,2018,American,English,304,65000,2175,176,"Absurdist, Contemporary, Fiction, Literary Fiction, Postmodern, Psychological","Addiction, Friendship, Grief, Mental Health, Sleep, Therapy, Women's Studies, depression, isolation, self-destruction","New York, New York City, United States"
449,11252,The Kindly Ones,Jonathan Littell,2006,French,French,900-1400,984000,2176,175,"Dark, Fiction, Historical fiction, Literary Fiction, military fiction, philosophical","Family, Genocide, Guilt, History, Holocaust, NAZISM, Politics, Psychology, Sexuality, Violence, War, morality","France, Germany, Poland, Russia, Ukraine"
450,554,Good Omens,"Terry Pratchett, Neil Gaiman",1990,British,English,288-400,107000,2186,175,"Fantasy, Fiction, Good and evil, Humor, Magical Realism, Satire, Speculative Fiction","Angels, Antichrist, Apocalypse, Demons, Destiny, Good, Prophecies, Witchcraft, evil","England, Fictional Location, Heaven, Hell, London, United Kingdom"
451,2407,Simon and the Oaks,Marianne Fredriksson,1985,Swedish,Swedish,300-400,,2191,175,"Coming of age, Family & Relationships, Fiction, Historical fiction, Literary Fiction, Social & Cultural Fiction","Adoption, Family, Family dynamics, Friendship, Love, Survival, Trauma, War, secrets",Sweden
452,1297,Harry Potter and the Deathly Hallows,J. K. Rowling,2007,British,English,607-759,198227,2192,174,"Adventure, Fantasy, Fiction, Good and evil, High Fantasy, Speculative Fiction, Young adult","Courage, Death & Grief, Good vs Evil, Identity, Loyalty, Power, Sacrifice","England, Fictional Location, Ireland"
453,6345,The Anubis Gates,Tim Powers,1983,American,English,400,128000,2193,174,"Fantasy, Fiction, Historical fiction, Magical Realism, Science fiction, Speculative Fiction, Steampunk","Alternate History, Assassins, Body Swapping, Disguise, Homelessness, Magic, Mythology, Revenge, Time travel","England, London"
454,4164,Exit West,Mohsin Hamid,2017,Pakistani,English,231,60000,2194,174,"Fiction, Literary Fiction, Magical Realism, Social & Cultural Fiction, Speculative Fiction","Displacement, Love, Migration, Refugees, Survival, War, conflict, relationships","Fictional Location, Greece, Hope, Pakistan, United Kingdom, United States"
455,16267,Mafalda,Quino,1978,Argentinian,Spanish,96,,2196,173,"Bande Dessinée, Children's books, Comics & Graphic Novels, Fiction, Humor","Classics, Literature",""
456,13232,A History Of The World In 10 1/2 Chapters,Julian Barnes,1989,British,English,310-320,,2225,171,"Allegorical, Fiction, Literary Fiction, Postmodern, Short Story Collection","Death, European History, Faith, History, Humanity, Love, Memory, Myth, Narrative, Survival",Fictional Location
457,6119,Long Walk To Freedom,Nelson Mandela,1994,South African,English,600-700,255000,2235,171,"","",""
458,3265,Goodnight Mister Tom,Michelle Magorian,1981,British,English,320-384,85000,2236,170,"Coming of age, Family & Relationships, Fiction, Historical fiction, Middle Grade, Realistic Fiction","Community, Friendship, Growth, Healing, Parenting, Resilience, Trauma, War, World War II, abuse, orphans","England, Little Weirwold"
459,3425,The Buddha in the Attic,Julie Otsuka,2011,American,English,129,27000,2238,170,"Fiction, Historical fiction, Literary Fiction, Poetry, Social & Cultural Fiction","Alienation, Assimilation, Community, Discrimination, Family, Immigration, Labor, Marriage, Women","California, United States"
460,3976,The Virgin in the Garden,A. S. Byatt,1978,British,English,424,203000,2239,170,"Coming of age, Fiction, Historical fiction, Literary Fiction, Social & Cultural Fiction, philosophical","Crafts, Hobbies & Home, Education, Family, History, Politics, relationships","England, Yorkshire"
461,6239,Out,Natsuo Kirino,1997,Japanese,Japanese,400-520,134000,2244,170,"Crime, Fiction, Psychological, Thriller & Suspense, noir","Betrayal, Domestic violence, Murder, Survival, Workplace","Desperation, Japan, Tokyo"
462,1149,The Crossing,Cormac McCarthy,1994,American,English,426,141000,2249,169,"Adventure, Drama, Fiction, Historical fiction, Literary Fiction, Realistic Fiction","Animals, Death, Family, Redemption, Sacrifice, Survival, Violence, morality","Mexico, United States"
463,4562,A Gentleman in Moscow,Amor Towles,2016,American,English,462,135000,2250,169,"Fiction, Historical fiction, Literary Fiction, Magical Realism, Realistic Fiction, Social & Cultural Fiction","Adaptation, Culture, Friendship, History, Imprisonment, Interpersonal relations, Politics, Revolution, Survival, aristocracy","Moscow, Russia"
464,585,The Accidental Tourist,Anne Tyler,1985,American,English,350-400,145000,2252,169,"Contemporary, Family & Relationships, Fiction, Literary Fiction, Realistic Fiction, Travel","Death & Grief, Divorce, Family, Family dynamics, Grief, Healing, Marriage, Pets, Psychology & Mental Health, Women's Studies, change, relationships","Baltimore, United States"
465,12786,Dancer From The Dance,Andrew Holleran,1978,American,English,256,,2255,169,"Drama, Fiction, Literary Fiction, Social & Cultural Fiction, Tragedy","AIDS, Community, Friendship, Lgbtq+, Love, Nightlife, Sexuality, loneliness","New York City, United States"
466,10520,Smiley's People,John le Carré,1979,British,English,374,128000,2256,169,"Fiction, Mystery, Political, Spy, Thriller & Suspense","Betrayal, Deception, Espionage, Intelligence, Investigation, Murder, Retirement, Revenge, secrets","Bern, Cold War, England, France, Germany, Hamburg, London, Paris, Switzerland"
467,4046,The History of the Siege of Lisbon,José Saramago,1989,Portuguese,Portuguese,300-400,,2257,168,"Allegorical, Dark, Fiction, Historical fiction, Literary Fiction, Postmodern","Alternate History, History, Love, Siege, Translation, War, writing","Lisbon, Portugal"
468,6473,Arcadia,Tom Stoppard,1993,British,English,97,,2258,168,"Fiction, Historical fiction, Literary Fiction, Plays, Postmodern, philosophical","Death, History, Knowledge, Landscape gardening, Mathematics, Science, Sexuality, Time, Time travel, Truth, chaos theory","Sidley Park, United Kingdom"
469,3586,Family Life,Akhil Sharma,2014,Indian,English,224-240,,2259,168,"Family & Relationships, Fiction, Literary Fiction, Memoir, Realistic Fiction","Accidents, Culture, Family, Grief, Immigrants, Immigration, Resilience, Siblings, Trauma, disability, relationships","Delhi, India, United States"
470,6476,Consciousness Explained,Daniel Dennett,1991,American,English,511,210000,2261,168,"Encyclopedic, Nonfiction, Technical, philosophical","Artificial Intelligence, Cognitive Science, Consciousness, Evolutionary Biology, History, History Of Science, Illusion, Life Sciences, Mind-body Problem, Perception, Philosophy of mind, Science, Self-awareness, academic",United States
471,5919,The Big Nowhere,James Ellroy,1988,American,English,406,157000,2262,168,"Crime, Fiction, Hard Boiled, Thriller & Suspense, noir","Communism, Homophobia, Investigation, Murder, Police, Political Ideologies, Politics, Racism, corruption","California, Hollywood, Los Angeles, United States"
472,3285,The Selfish Gene,Richard Dawkins,1976,British,English,224,109000,2265,168,"Nonfiction, Technical, philosophical","Altruism, Behavior, Genes, History, History Of Science, Life Sciences, Natural selection, Nature, Science, Selfishness, Survival",Fictional Location
473,252,Ironweed,William Kennedy,1983,American,English,227,57600,2268,167,"Drama, Fiction, Literary Fiction, Realistic Fiction, Social & Cultural Fiction, Tragedy","Death, Family, Grief, Guilt, History, Homelessness, Mental illness, Poverty, Redemption, alcoholism","Albany, New York, United States"
474,2698,Machine Dreams,Jayne Anne Phillips,1984,American,English,352,,2271,167,"Coming of age, Family & Relationships, Fiction, Literary Fiction, Realistic Fiction, Social & Cultural Fiction","Death, Family, Love, Memory, Trauma, War, relationships","United States, Vietnam War, West Virginia"
475,4051,Sexing the Cherry,Jeanette Winterson,1989,British,English,160-224,50000,2272,167,"Experimental, Fiction, Literary Fiction, Magical Realism, Postmodern","History, Lgbtq+, Love, Mythology, Time, Transformation, gender, reality","England, Great Britain, London"
476,378,The Old Forest,Peter Taylor,1985,American,English,368,,2273,166,"Drama, Fiction, Literary Fiction, Realistic Fiction, Short Story Collection, Social & Cultural Fiction","Family, Family dynamics, History, Love, Short stories, Society, Southern Culture, change, class, relationships, tradition","Fictional Location, Southern US, United States"
477,16429,To The End Of The Land,David Grossman,2008,Israeli,Hebrew,600-650,,2275,166,"Drama, Fiction, Literary Fiction, Social & Cultural Fiction, Tragedy, military fiction","Family, Friendship, Grief, Loss, Love, Memory, Parenthood, Survival, Trauma, War","Haifa, Israel, Jerusalem"
478,24429,"Whitney, My Love",Judith McNaught,1985,American,English,500-600,,2278,166,"Chick Lit, Fiction, Historical fiction, Romance","","England, Fictional Location, France, London"
479,3964,The Left-Handed Woman,Peter Handke,1976,Austrian,German,87,,2280,165,"Allegorical, Experimental, Fiction, Literary Fiction, Social & Cultural Fiction, Tragedy",isolation,Fictional Location
480,6049,The Sacred Night,Tahar Ben Jelloun,1987,Moroccan,French,192,,2282,165,"Coming of age, Fiction, Literary Fiction, Magical Realism, Social & Cultural Fiction","Family, Freedom, Gender identity, Resilience, Transformation, Unknown, oppression, secrets, tradition",Morocco
481,995,Backlash,Susan Faludi,1991,American,English,656,155000,2284,165,"Counselling, Cultural, Nonfiction, Political, Pop Culture","Cultural Backlash, Family, Family dynamics, Gender Equality, Marriage, Media Influence, Misogyny, Patriarchy, Political Movements, Sociology, Women's Studies, Women's rights, Workplace Discrimination","Media, United States"
482,12707,Being Mortal,Atul Gawande,2014,American,English,282,85000,2287,165,"Counselling, Cultural, Family & Relationships, Memoir, Nonfiction","Aging, Autonomy, End-of-Life Care, Family, Family dynamics, Healthcare System, History, Medicine, Mortality, Quality of life, Science","Independence, United States"
483,3985,Rituals,Cees Nooteboom,1980,Dutch,Dutch,264,,2288,164,"Allegorical, Fiction, Literary Fiction, Postmodern, Social & Cultural Fiction, philosophical","Death, Existentialism, Philosophy, Rituals, loneliness, relationships","Netherlands, Spain"
484,44711,The End And The Beginning,Wislawa Szymborska,1993,Polish,Polish,100-150,,2290,164,"Cultural, Nonfiction, Poetry, Political, philosophical",War,""
485,15793,The Sixty Five Years Of Washington,Juan José Saer,1983,Argentine,Spanish,150-200,,2292,164,"Fiction, Historical fiction, Literary Fiction, Magical Realism, Postmodern, Social & Cultural Fiction","Death, Existence, Family, Friendship, History, Memory, Politics","Argentina, Santa Fe"
486,4080,What a Carve Up!,Jonathan Coe,1994,British,English,400-500,136000,2293,164,"Dark Humor, Fiction, Literary Fiction, Postmodern, Satire, Social & Cultural Fiction","Family, Murder, Politics, corruption, greed","England, London, Media, United Kingdom"
487,3162,I Will Bear Witness,Victor Klemperer,1995,German,German,500-1000,,2296,164,"Cultural, Diaries & Journals, Memoir, Nonfiction, Political","ANTI-SEMITISM, Diary, Discrimination, Human rights, NAZISM, Persecution, Social sciences, Survival, War, oppression","Dresden, Germany"
488,1908,Personal History,Katharine Graham,1997,American,English,642,,2300,163,"Autobiography, Family & Relationships, Memoir, Nonfiction, Political","American History, Business, Courage, Family, Family dynamics, Gender Equality, History, Journalism, Leadership, Power, Women","Media, United States, Washington D.C."
489,5351,Demon Copperhead,Barbara Kingsolver,2022,American,English,560,200000,2301,163,"Coming of age, Fiction, Literary Fiction, Picaresque, Social & Cultural Fiction","Addiction, Death & Grief, Education, Family, Family dynamics, Friendship, History, Mothers & Children, Poverty, Resilience, Survival, Teenagers, Unknown, abuse, orphans","Appalachia, United States"
490,4502,The Three-Body Problem,Cixin Liu,2006,Chinese,Chinese,400-500,95000,2302,163,"Dystopian, Fiction, Hard Science Fiction, Science fiction, Space Opera, Speculative Fiction","Alien Contact, Cosmic Perspective, Cultural Revolution, Existentialism, Game theory, Humanity, Physics, Survival, Technology","China, Fictional Location"
491,1040,Master of the Senate,Robert Caro,2002,American,English,1167,480000,2303,163,"Biography, Nonfiction, Political","American History, Civil rights, Government, History, Influence, Leadership, Legislation, Politics, Power, Senate","United States, Washington D.C."
492,1464,"Jimmy Corrigan, the Smartest Kid on Earth",Chris Ware,2000,American,English,380,,2305,162,"Comics & Graphic Novels, Coming of age, Fiction, Literary Fiction, Postmodern, Realistic Fiction","Abandonment, Family, Fatherhood, Generational Trauma, childhood, depression, isolation, loneliness, relationships","Chicago, United States"
493,4067,The Butcher Boy,Patrick McCabe,1992,Irish,English,200-250,61000,2311,161,"Coming of age, Dark, Drama, Fiction, Literary Fiction, Psychological","Death, Irish, Mental illness, Mentally ill, Trauma, Violence, abuse, isolation",Ireland
494,352,A Summons to Memphis,Peter Taylor,1986,American,English,320,,2312,161,"Family & Relationships, Fiction, Literary Fiction, Realistic Fiction, Social & Cultural Fiction","Aging, Betrayal, Control, Family, Family dynamics, Memory, Regret, Revenge, change, relationships, tradition","Memphis, Tennessee, United States"
495,9975,The Salt Eaters,Toni Cade Bambara,1980,American,English,304,,2317,161,"Allegorical, Fiction, Literary Fiction, Magical Realism, Postmodern, Social & Cultural Fiction","Activism, Community, Family, Friendship, Healing, Mental Health, Racism, Trauma, Violence","Claybourne, Georgia, United States"
496,4016,Contact,Carl Sagan,1985,American,English,432,150000,2318,161,"Fiction, Literary Fiction, Science fiction, Speculative Fiction, Travel, philosophical","Astronomy, Communication, Discovery, Faith, History, History Of Science, Humanity, Politics, Science, Technology, extraterrestrial life",Fictional Location
497,2474,Balzac and the Little Chinese Seamstress,Dai Sijie,2000,Chinese,French,176-192,59000,2319,161,"Fiction, Historical fiction, Literary Fiction, Magical Realism, Social & Cultural Fiction","Cultural Revolution, Friendship, Love, Reeducation, Storytelling, Transformation, Youth",China
498,3203,The Sorrow Of War,Bao Ninh,1990,Vietnamese,Vietnamese,233,90000,2325,160,"Fiction, Literary Fiction, Realistic Fiction, military fiction, philosophical","Death, Friendship, Guilt, Loss, Love, Memory, Political Ideologies, Survival, Trauma, War","Hanoi, Hope, Vietnam, Vietnam War"
499,3441,Bartleby & Co,Enrique Vila-Matas,2000,Spanish,Spanish,192,,2326,160,"Books About Books, Fiction, Literary Fiction, Postmodern, metafiction, philosophical","Creativity, Existentialism, Inaction, Melancholy, Nonconformity, Writers, isolation, silence","Barcelona, Spain"
500,16439,Solenoid,Mircea Cărtărescu,2015,Romanian,Romanian,600-700,,2327,160,"Absurdist, Experimental, Fiction, Literary Fiction, Magical Realism, Postmodern, Surreal, philosophical","Dreams, Existentialism, Identity, Madness, Memory, Philosophy, isolation, reality","Bucharest, Romania"
